name,cam,type,success,open,input_faces,output_faces,case_1,case_2,case_3,case_4,case_5,runtime,wso
bunny,000001,anim,True,False,42928,23412,0,0,1,4,0,3.759,1
bunny,000002,anim,True,False,42928,23448,0,0,3,0,0,3.802,1
bunny,000003,anim,True,False,42928,23638,0,0,2,0,0,3.687,1
bunny,000004,anim,True,False,42928,23666,0,0,0,2,0,3.725,1
bunny,000005,anim,True,False,42928,23674,0,0,0,0,0,3.639,1
bunny,000006,anim,True,False,42928,23584,0,0,1,0,0,3.929,1
bunny,000007,anim,True,False,42928,23388,0,0,0,0,0,3.8,1
bunny,000008,anim,True,False,42928,23080,0,0,0,0,0,3.64,1
bunny,000009,anim,True,False,42928,23322,0,0,1,0,0,3.518,1
bunny,000010,anim,True,False,42928,23204,0,0,0,2,0,3.575,1
bunny,000011,anim,True,False,42928,23030,0,0,0,0,0,3.67,1
bunny,000012,anim,True,False,42928,22562,0,0,0,0,0,3.666,1
bunny,000013,anim,True,False,42928,22686,0,0,0,0,0,3.645,1
bunny,000014,anim,True,False,42928,22764,0,0,0,0,0,3.546,1
bunny,000015,anim,True,False,42928,22452,4,0,1,0,0,3.857,1
bunny,000016,anim,True,False,42928,23260,0,0,1,0,1,3.847,1
bunny,000017,anim,True,False,42928,22890,0,0,0,2,0,3.801,1
bunny,000018,anim,True,False,42928,22972,0,0,0,2,0,3.914,1
bunny,000019,anim,True,False,42928,23506,0,0,2,4,0,3.76,1
bunny,000020,anim,True,False,42928,23132,0,0,2,0,0,3.702,1
bunny,000021,anim,True,False,42928,23302,0,0,1,4,0,3.742,1
bunny,000022,anim,True,False,42928,23486,0,0,0,2,0,3.661,1
bunny,000023,anim,True,False,42928,24142,0,0,1,2,0,3.815,1
bunny,000024,anim,True,False,42928,23332,0,0,0,0,0,3.744,1
bunny,000025,anim,True,False,42928,23208,0,0,0,0,0,3.677,1
bunny,000026,anim,True,False,42928,23680,0,0,1,0,0,3.599,1
bunny,000027,anim,True,False,42928,24114,0,0,1,0,0,3.628,1
bunny,000028,anim,True,False,42928,23890,0,0,1,4,0,3.834,1
bunny,000029,anim,True,False,42928,23492,0,0,0,0,0,4.038,1
bunny,000030,anim,True,False,42928,24834,0,0,0,2,0,4.11,1
bunny,000031,anim,True,False,42928,23478,0,1,2,0,0,3.953,1
bunny,000032,anim,True,False,42928,23608,0,0,1,4,0,3.958,1
bunny,000033,anim,True,False,42928,23200,0,0,0,0,0,3.762,1
bunny,000034,anim,True,False,42928,23532,0,0,0,2,0,4.153,1
bunny,000035,anim,True,False,42928,24014,0,0,2,2,0,4.144,1
bunny,000036,anim,True,False,42928,23650,0,0,1,0,0,4.264,1
bunny,000037,anim,True,False,42928,23088,0,0,0,2,0,3.858,1
bunny,000038,anim,True,False,42928,23074,0,0,1,0,0,3.952,1
bunny,000039,anim,True,False,42928,23356,0,0,0,2,0,4.047,1
bunny,000040,anim,True,False,42928,23374,0,0,1,2,0,4.174,1
bunny,000041,anim,True,False,42928,23388,0,0,1,2,0,4.097,1
bunny,000042,anim,True,False,42928,23662,0,0,1,0,0,3.804,1
bunny,000043,anim,True,False,42928,23584,0,0,0,2,0,4.003,1
bunny,000044,anim,True,False,42928,23510,0,0,1,2,0,4.195,1
bunny,000045,anim,True,False,42928,23586,0,0,1,0,0,4.188,1
bunny,000046,anim,True,False,42928,23188,0,0,0,0,0,4.228,1
bunny,000047,anim,True,False,42928,23296,0,0,1,0,0,4.017,1
bunny,000048,anim,True,False,42928,23810,0,0,0,6,0,4.568,1
bunny,000049,anim,True,False,42928,23590,0,0,2,2,0,4.302,1
bunny,000050,anim,True,False,42928,23188,0,0,1,8,0,4.314,1
bunny,000051,anim,True,False,42928,23414,0,0,1,8,0,4.169,1
bunny,000052,anim,True,False,42928,22844,0,0,2,4,0,4.02,1
bunny,000053,anim,True,False,42928,22976,0,0,2,6,0,4.06,1
bunny,000054,anim,True,False,42928,23244,0,0,4,4,0,4.136,1
bunny,000055,anim,True,False,42928,23086,0,0,0,4,0,3.997,1
bunny,000056,anim,True,False,42928,22504,0,0,4,4,0,3.977,1
bunny,000057,anim,True,False,42928,22650,0,0,1,4,0,3.87,1
bunny,000058,anim,True,False,42928,22468,0,0,1,2,0,3.863,1
bunny,000059,anim,True,False,42928,22056,0,0,0,4,0,3.912,1
bunny,000060,anim,True,False,42928,23164,0,0,2,2,0,4.142,1
bunny,000061,anim,True,False,42928,22870,0,0,2,4,0,4.42,1
bunny,000062,anim,True,False,42928,23058,0,0,0,2,0,4.302,1
bunny,000063,anim,True,False,42928,22982,0,0,1,0,0,4.54,1
bunny,000064,anim,True,False,42928,23344,0,0,2,0,0,4.501,1
bunny,000065,anim,True,False,42928,23560,0,0,1,4,0,4.6,1
bunny,000066,anim,True,False,42928,23544,0,0,1,0,0,4.2,1
bunny,000067,anim,True,False,42928,23422,0,0,1,2,0,4.471,1
bunny,000068,anim,True,False,42928,23436,0,0,0,0,0,4.308,1
bunny,000069,anim,True,False,42928,23398,0,0,1,2,0,4.307,1
bunny,000070,anim,True,False,42928,23290,0,0,2,2,0,4.479,1
bunny,000071,anim,True,False,42928,23080,0,0,1,0,0,4.439,1
bunny,000072,anim,True,False,42928,23404,0,0,1,0,0,4.459,1
bunny,000073,anim,True,False,42928,23570,0,0,3,2,0,4.533,1
bunny,000074,anim,True,False,42928,22994,0,0,0,0,0,4.413,1
bunny,000075,anim,True,False,42928,22784,0,0,0,0,0,4.25,1
bunny,000076,anim,True,False,42928,22632,0,0,0,0,0,4.254,1
bunny,000077,anim,True,False,42928,22710,0,0,0,2,0,4.394,1
bunny,000078,anim,True,False,42928,23592,0,0,2,2,0,4.599,1
bunny,000079,anim,True,False,42928,23582,0,0,1,6,0,4.598,1
bunny,000080,anim,True,False,42928,23490,0,0,1,0,0,4.669,1
bunny,000081,anim,True,False,42928,24006,0,0,2,2,0,4.778,1
bunny,000082,anim,True,False,42928,22566,0,0,2,4,0,4.853,1
bunny,000083,anim,True,False,42928,24458,0,0,0,4,0,5.39,1
bunny,000084,anim,True,False,42928,23986,0,0,4,0,0,5.131,1
bunny,000085,anim,True,False,42928,23566,0,0,0,2,0,4.978,1
bunny,000086,anim,True,False,42928,24370,0,0,2,2,0,5.31,1
bunny,000087,anim,True,False,42928,24002,0,0,3,3,0,4.912,1
bunny,000088,anim,True,False,42928,24070,0,0,1,0,1,5.248,1
bunny,000089,anim,True,False,42928,24370,0,0,1,8,0,5.371,1
bunny,000090,anim,True,False,42928,24176,0,0,2,6,0,5.21,1
bunny,000091,anim,True,False,42928,23576,0,0,2,4,0,4.906,1
bunny,000092,anim,True,False,42928,24390,0,0,1,2,0,5.153,1
bunny,000093,anim,True,False,42928,23844,0,0,1,0,0,5.126,1
bunny,000094,anim,True,False,42928,23866,0,0,0,2,0,4.903,1
bunny,000095,anim,True,False,42928,23486,0,0,3,6,0,5.032,1
bunny,000096,anim,True,False,42928,23480,0,0,1,2,0,4.777,1
bunny,000097,anim,True,False,42928,24066,0,0,3,7,0,5.063,1
bunny,000098,anim,True,False,42928,24056,0,0,1,6,1,5.31,1
bunny,000099,anim,True,False,42928,23734,0,2,2,14,0,5.297,1
bunny,000100,anim,True,False,42928,24148,0,0,2,6,0,5.145,1
bunny,000101,anim,True,False,42928,23666,0,0,1,2,0,5.392,1
bunny,000102,anim,True,False,42928,24026,0,0,1,6,0,5.358,1
bunny,000103,anim,True,False,42928,24162,0,0,2,8,0,5.409,1
bunny,000104,anim,True,False,42928,24568,0,0,1,11,0,4.821,1
bunny,000105,anim,True,False,42928,24336,0,0,2,4,0,4.98,1
bunny,000106,anim,True,False,42928,22390,9,0,4,2,0,4.758,1
bunny,000107,anim,True,False,42928,23994,0,1,3,0,0,4.93,1
bunny,000108,anim,True,False,42928,23268,0,0,3,8,0,4.87,1
bunny,000109,anim,True,False,42928,23360,0,0,4,4,0,4.647,1
bunny,000110,anim,True,False,42928,23326,0,0,0,4,0,4.778,1
bunny,000111,anim,True,False,42928,23338,0,0,1,6,0,4.975,1
bunny,000112,anim,True,False,42928,23386,0,0,1,6,0,5.124,1
bunny,000113,anim,True,False,42928,24168,0,0,3,10,0,5.095,1
bunny,000114,anim,True,False,42928,24158,0,0,3,6,0,5.257,1
bunny,000115,anim,True,False,42928,23668,2,0,5,8,0,5.6,1
bunny,000116,anim,True,False,42928,24066,0,0,3,10,0,5.111,1
bunny,000117,anim,True,False,42928,23710,0,0,3,0,0,5.068,1
bunny,000118,anim,True,False,42928,23362,0,0,2,6,0,5.042,1
bunny,000119,anim,True,False,42928,23642,0,0,1,2,0,5.017,1
bunny,000120,anim,True,False,42928,23416,0,0,1,4,0,5.084,1
bunny,000121,anim,True,False,42928,23426,0,0,3,0,0,4.827,1
bunny,000122,anim,True,False,42928,23638,0,0,1,5,0,4.926,1
bunny,000123,anim,True,False,42928,23984,0,0,1,0,1,4.812,1
bunny,000124,anim,True,False,42928,23738,0,0,3,2,1,4.782,1
bunny,000125,anim,True,False,42928,23430,0,0,1,10,0,5.313,1
bunny,000126,anim,True,False,42928,23444,0,0,3,6,0,5.562,1
bunny,000127,anim,True,False,42928,23388,0,0,3,2,0,5.069,1
bunny,000128,anim,True,False,42928,23574,0,0,3,2,0,5.099,1
bunny,000129,anim,True,False,42928,23456,0,0,1,2,0,5.374,1
bunny,000130,anim,True,False,42928,21312,0,0,3,10,0,4.749,1
bunny,000131,anim,True,False,42928,23570,0,0,0,4,0,5.202,1
bunny,000132,anim,True,False,42928,23240,0,0,1,2,1,5.242,1
bunny,000133,anim,True,False,42928,23590,0,0,4,2,0,5.305,1
bunny,000134,anim,True,False,42928,23780,0,0,1,2,0,5.344,1
bunny,000135,anim,True,False,42928,23540,0,0,2,0,0,5.375,1
bunny,000136,anim,True,False,42928,24582,0,0,1,2,0,5.13,1
bunny,000137,anim,True,False,42928,24176,0,0,1,2,0,5.308,1
bunny,000138,anim,True,False,42928,24234,0,1,1,6,0,5.245,1
bunny,000139,anim,True,False,42928,24226,0,0,0,0,0,5.061,1
bunny,000140,anim,True,False,42928,24518,0,0,1,2,0,5.128,1
bunny,000141,anim,True,False,42928,24018,0,0,0,2,0,4.895,1
bunny,000142,anim,True,False,42928,24502,0,0,1,0,0,4.506,1
bunny,000143,anim,True,False,42928,23532,2,0,0,1,1,5.335,1
bunny,000144,anim,True,False,42928,23774,0,0,0,0,0,4.554,1
bunny,000145,anim,True,False,42928,24112,0,0,2,8,0,4.751,1
bunny,000146,anim,True,False,42928,23294,0,0,4,2,0,4.572,1
bunny,000147,anim,True,False,42928,24130,0,0,0,0,0,4.788,1
bunny,000148,anim,True,False,42928,23438,0,0,1,4,0,4.61,1
bunny,000149,anim,True,False,42928,23794,0,0,1,2,0,4.554,1
bunny,000150,anim,True,False,42928,23550,0,0,2,0,0,4.517,1
bunny,000151,anim,True,False,42928,22770,0,0,2,4,0,4.515,1
bunny,000152,anim,True,False,42928,23424,0,0,2,4,0,4.433,1
bunny,000153,anim,True,False,42928,22590,0,0,2,4,0,4.184,1
bunny,000154,anim,True,False,42928,23244,0,0,1,4,0,4.14,1
bunny,000155,anim,True,False,42928,22896,0,0,0,2,0,4.258,1
bunny,000156,anim,True,False,42928,23248,0,0,0,2,0,4.362,1
bunny,000157,anim,True,False,42928,22726,0,0,2,2,0,4.182,1
bunny,000158,anim,True,False,42928,23012,0,0,1,2,0,4.162,1
bunny,000159,anim,True,False,42928,22742,0,0,1,4,0,4.166,1
bunny,000160,anim,True,False,42928,22994,0,0,2,6,0,4.454,1
bunny,000161,anim,True,False,42928,22830,0,0,0,6,0,4.125,1
bunny,000162,anim,True,False,42928,22708,0,0,0,2,0,4.14,1
bunny,000163,anim,True,False,42928,22358,0,0,0,0,0,3.953,1
bunny,000164,anim,True,False,42928,22908,0,0,1,2,0,4.208,1
bunny,000165,anim,True,False,42928,22818,0,0,1,0,0,4.044,1
bunny,000166,anim,True,False,42928,23050,0,0,0,0,0,4.062,1
bunny,000167,anim,True,False,42928,21896,0,0,1,4,0,3.976,1
bunny,000168,anim,True,False,42928,22708,0,0,0,2,0,3.692,1
bunny,000169,anim,True,False,42928,22274,0,0,0,2,0,3.637,1
bunny,000170,anim,True,False,42928,22532,0,0,0,2,0,3.973,1
bunny,000171,anim,True,False,42928,22316,0,0,1,2,0,3.731,1
bunny,000172,anim,True,False,42928,22706,0,0,0,2,0,3.754,1
bunny,000173,anim,True,False,42928,22576,0,0,0,0,0,3.713,1
bunny,000174,anim,True,False,42928,22426,0,0,1,0,0,3.525,1
bunny,000175,anim,True,False,42928,22852,0,0,2,0,0,3.67,1
bunny,000176,anim,True,False,42928,22546,0,0,1,0,0,3.743,1
bunny,000177,anim,True,False,42928,22264,0,0,0,0,0,3.752,1
bunny,000178,anim,True,False,42928,22602,0,0,0,0,0,3.611,1
bunny,000179,anim,True,False,42928,22888,0,0,2,4,0,3.731,1
bunny,000180,anim,True,False,42928,22912,0,0,1,2,0,3.686,1
bunny,000181,anim,True,False,42928,22592,0,0,0,6,0,3.69,1
bunny,000182,anim,True,False,42928,23128,0,0,1,4,1,4.077,1
bunny,000183,anim,True,False,42928,22700,0,0,0,2,0,4.078,1
bunny,000184,anim,True,False,42928,22834,0,0,2,6,0,3.881,1
bunny,000185,anim,True,False,42928,22696,0,0,2,6,0,3.751,1
bunny,000186,anim,True,False,42928,23466,0,0,4,6,0,3.786,1
bunny,000187,anim,True,False,42928,23134,0,0,1,2,0,3.704,1
bunny,000188,anim,True,False,42928,22402,0,0,1,4,0,3.715,1
bunny,000189,anim,True,False,42928,23030,0,0,1,2,0,3.815,1
bunny,000190,anim,True,False,42928,21206,0,0,3,6,0,3.686,1
bunny,000191,anim,True,False,42928,23600,0,0,2,2,0,3.489,1
bunny,000192,anim,True,False,42928,23366,0,0,1,2,1,3.615,1
bunny,000193,anim,True,False,42928,23022,0,0,0,0,0,3.502,1
bunny,000194,anim,True,False,42928,22892,0,0,0,0,0,3.598,1
bunny,000195,anim,True,False,42928,23574,0,0,0,0,0,3.727,1
bunny,000196,anim,True,False,42928,23376,0,0,0,0,0,3.467,1
bunny,000197,anim,True,False,42928,23396,0,0,1,0,0,3.553,1
bunny,000198,anim,True,False,42928,22890,0,0,0,2,0,3.412,1
bunny,000199,anim,True,False,42928,22984,0,0,1,0,0,3.492,1
bunny,000200,anim,True,False,42928,23382,0,0,1,2,0,3.528,1
bunny,000201,anim,True,False,42928,23010,0,0,1,0,0,3.393,1
bunny,000202,anim,True,False,42928,22612,0,0,0,0,0,3.344,1
bunny,000203,anim,True,False,42928,22672,0,0,0,0,0,3.244,1
bunny,000204,anim,True,False,42928,23088,0,0,0,0,0,3.314,1
bunny,000205,anim,True,False,42928,23086,0,0,0,0,0,3.291,1
bunny,000206,anim,True,False,42928,23752,0,0,0,0,0,3.41,1
bunny,000207,anim,True,False,42928,22978,0,0,0,0,0,3.317,1
bunny,000208,anim,True,False,42928,23262,0,0,1,2,0,3.575,1
bunny,000209,anim,True,False,42928,23150,0,0,1,0,0,3.38,1
bunny,000210,anim,True,False,42928,22758,0,0,1,0,0,3.181,1
bunny,000211,anim,True,False,42928,23416,0,0,1,0,0,3.183,1
bunny,000212,anim,True,False,42928,22592,0,0,0,0,1,3.186,1
bunny,000213,anim,True,False,42928,23386,0,0,1,0,0,3.249,1
bunny,000214,anim,True,False,42928,22918,0,0,0,0,1,3.294,1
bunny,000215,anim,True,False,42928,22528,0,0,0,4,0,3.247,1
bunny,000216,anim,True,False,42928,22712,0,0,0,2,0,3.183,1
bunny,000217,anim,True,False,42928,22828,0,0,2,0,0,3.074,1
bunny,000218,anim,True,False,42928,22870,0,0,1,0,0,3.044,1
bunny,000219,anim,True,False,42928,23140,0,0,2,2,0,2.985,1
bunny,000220,anim,True,False,42928,23290,0,0,2,0,0,2.983,1
bunny,000221,anim,True,False,42928,22776,0,0,2,0,1,3.142,1
bunny,000222,anim,True,False,42928,22158,0,0,2,0,0,3.098,1
bunny,000223,anim,True,False,42928,22310,0,0,3,0,0,3.181,1
bunny,000224,anim,True,False,42928,22704,0,0,1,0,0,3.177,1
bunny,000225,anim,True,False,42928,22302,0,0,1,0,0,3.072,1
bunny,000226,anim,True,False,42928,22570,0,0,1,0,0,2.959,1
bunny,000227,anim,True,False,42928,21782,0,0,2,0,0,2.998,1
bunny,000228,anim,True,False,42928,23418,0,0,1,0,0,3.168,1
bunny,000229,anim,True,False,42928,21838,0,0,0,2,0,3.068,1
bunny,000230,anim,True,False,42928,22196,1,1,2,2,0,3.572,1
bunny,000231,anim,True,False,42928,22354,0,0,2,0,0,3.159,1
bunny,000232,anim,True,False,42928,22676,0,0,1,2,0,3.215,1
bunny,000233,anim,True,False,42928,22502,0,0,1,4,0,3.156,1
bunny,000234,anim,True,False,42928,23324,0,0,1,4,0,3.392,1
bunny,000235,anim,True,False,42928,23802,0,0,1,0,0,3.302,1
bunny,000236,anim,True,False,42928,23146,0,0,1,2,0,3.33,1
bunny,000237,anim,True,False,171712,30170,0,0,0,0,0,8.577,2
bunny,000238,anim,True,False,42928,22954,0,0,2,2,1,3.172,1
bunny,000239,anim,True,False,42928,22892,0,0,1,0,0,3.17,1
bunny,000240,anim,True,False,42928,22118,0,0,1,0,0,3.129,1
bunny,000241,anim,True,False,42928,23098,0,0,0,2,0,3.294,1
bunny,000242,anim,True,False,42928,22020,2,0,3,0,0,3.573,1
bunny,000243,anim,True,False,42928,23726,0,0,1,2,0,3.34,1
bunny,000244,anim,True,False,42928,22986,0,0,2,2,0,3.153,1
bunny,000245,anim,True,False,42928,22892,0,0,1,0,0,3.156,1
bunny,000246,anim,True,False,42928,22672,0,0,1,0,0,3.243,1
bunny,000247,anim,True,False,42928,22744,0,0,1,2,0,3.353,1
bunny,000248,anim,True,False,42928,23454,0,0,3,2,0,3.516,1
bunny,000249,anim,True,False,42928,23078,0,0,1,8,0,3.706,1
bunny,000250,anim,True,False,42928,22902,4,0,2,10,0,3.863,1
bunny,000251,anim,True,False,42928,23950,0,0,0,8,0,3.54,1
bunny,000252,anim,True,False,42928,23722,0,0,2,2,0,3.482,1
bunny,000253,anim,True,False,42928,23404,0,0,0,4,1,3.596,1
bunny,000254,anim,True,False,42928,23940,0,0,0,2,0,3.644,1
bunny,000255,anim,True,False,42928,23468,0,0,0,2,0,3.606,1
bunny,000256,anim,True,False,42928,24482,0,0,1,0,0,3.581,1
bunny,000257,anim,True,False,42928,24280,0,0,1,2,0,3.517,1
bunny,000258,anim,True,False,42928,24334,0,0,0,4,0,3.547,1
bunny,000259,anim,True,False,42928,24162,0,0,5,2,0,3.757,1
bunny,000260,anim,True,False,42928,24144,0,0,2,0,0,3.921,1
bunny,000261,anim,True,False,42928,24050,0,0,4,6,0,3.996,1
bunny,000262,anim,True,False,42928,24362,0,0,1,4,0,3.608,1
bunny,000263,anim,True,False,42928,23970,0,0,0,0,0,3.757,1
bunny,000264,anim,True,False,42928,23956,0,0,0,2,0,3.769,1
bunny,000265,anim,True,False,42928,24910,0,0,0,0,0,3.726,1
bunny,000266,anim,True,False,42928,24220,0,0,1,0,0,3.757,1
bunny,000267,anim,True,False,42928,24522,0,0,0,0,1,3.718,1
bunny,000268,anim,True,False,42928,24036,0,0,0,0,0,3.631,1
bunny,000269,anim,True,False,42928,24376,0,0,2,0,0,3.745,1
bunny,000270,anim,True,False,42928,24038,0,0,0,0,0,3.757,1
bunny,000271,anim,True,False,42928,24190,0,0,2,0,0,3.783,1
bunny,000272,anim,True,False,42928,24672,0,0,1,0,0,3.794,1
bunny,000273,anim,True,False,42928,25078,0,0,0,8,0,3.681,1
bunny,000274,anim,True,False,42928,24904,0,0,1,0,0,3.838,1
bunny,000275,anim,True,False,42928,24828,0,0,1,2,0,3.838,1
bunny,000276,anim,True,False,42928,25182,0,0,0,2,0,4.026,1
bunny,000277,anim,True,False,42928,24466,0,0,1,0,0,3.924,1
bunny,000278,anim,True,False,42928,24556,0,0,0,4,0,3.792,1
bunny,000279,anim,True,False,42928,24672,0,0,1,6,0,3.78,1
bunny,000280,anim,True,False,42928,24420,0,0,1,4,1,3.818,1
bunny,000281,anim,True,False,42928,24524,0,0,1,0,0,3.767,1
bunny,000282,anim,True,False,42928,24190,0,0,0,0,0,3.853,1
bunny,000283,anim,True,False,42928,25392,0,0,0,0,0,4.048,1
bunny,000284,anim,True,False,42928,24972,0,0,0,2,0,3.73,1
bunny,000285,anim,True,False,42928,24874,0,0,2,0,0,3.772,1
bunny,000286,anim,True,False,42928,25074,0,0,0,0,0,3.825,1
bunny,000287,anim,True,False,42928,25000,0,0,0,0,0,3.665,1
bunny,000288,anim,True,False,42928,25190,0,0,0,0,0,3.876,1
bunny,000289,anim,True,False,42928,25970,0,0,1,0,0,3.902,1
bunny,000290,anim,True,False,42928,25534,0,0,1,2,0,3.975,1
bunny,000291,anim,True,False,42928,25898,0,0,1,0,0,3.844,1
bunny,000292,anim,True,False,42928,25220,0,0,0,2,0,3.894,1
bunny,000293,anim,True,False,42928,25958,0,0,1,4,0,3.883,1
bunny,000294,anim,True,False,42928,24746,0,0,0,2,0,3.885,1
bunny,000295,anim,True,False,42928,25250,0,0,1,0,0,4.046,1
bunny,000296,anim,True,False,42928,25698,0,0,2,0,0,4.183,1
bunny,000297,anim,True,False,42928,25126,0,0,0,0,0,4.223,1
bunny,000298,anim,True,False,42928,25518,0,0,0,0,0,4.422,1
bunny,000299,anim,True,False,42928,24948,0,0,0,0,0,4.212,1
bunny,000300,anim,True,False,42928,24936,0,0,0,0,0,4.17,1
bunny,000301,anim,True,False,42928,24808,0,0,1,0,0,4.103,1
bunny,000302,anim,True,False,42928,25376,0,0,0,2,0,4.363,1
bunny,000303,anim,True,False,42928,25468,0,0,1,0,0,4.355,1
bunny,000304,anim,True,False,42928,25618,0,0,0,4,0,4.466,1
bunny,000305,anim,True,False,42928,25608,0,0,2,6,0,4.714,1
bunny,000306,anim,True,False,42928,26060,0,0,0,4,0,4.583,1
bunny,000307,anim,True,False,42928,26500,0,0,2,2,0,4.925,1
bunny,000308,anim,True,False,42928,26184,0,0,2,2,0,4.825,1
bunny,000309,anim,True,False,42928,26520,0,0,0,2,0,4.605,1
bunny,000310,anim,True,False,42928,26434,0,0,4,4,0,4.739,1
bunny,000311,anim,True,False,42928,26462,0,0,1,0,0,4.876,1
bunny,000312,anim,True,False,42928,26174,0,0,1,0,0,4.782,1
bunny,000313,anim,True,False,42928,26178,0,0,1,2,0,4.593,1
bunny,000314,anim,True,False,42928,25754,0,0,3,2,0,5.189,1
bunny,000315,anim,True,False,42928,25538,0,0,1,2,0,5.067,1
bunny,000316,anim,True,False,42928,25574,0,0,1,2,0,4.895,1
bunny,000317,anim,True,False,42928,26188,0,0,2,2,1,5.209,1
bunny,000318,anim,True,False,42928,26166,0,0,3,0,0,5.195,1
bunny,000319,anim,True,False,42928,26558,0,0,1,4,0,5.676,1
bunny,000320,anim,True,False,42928,25978,0,0,0,2,1,5.315,1
bunny,000321,anim,True,False,42928,26318,0,0,1,4,0,5.444,1
bunny,000322,anim,True,False,42928,25688,0,0,0,3,1,5.215,1
bunny,000323,anim,True,False,42928,25430,0,0,1,0,1,5.271,1
bunny,000324,anim,True,False,42928,25520,0,0,2,14,0,5.269,1
bunny,000325,anim,True,False,42928,25782,0,0,1,2,0,5.556,1
bunny,000326,anim,True,False,42928,24798,0,0,0,2,0,5.595,1
bunny,000327,anim,True,False,42928,25564,0,0,0,2,0,5.453,1
bunny,000328,anim,True,False,42928,26026,0,0,2,0,0,5.523,1
bunny,000329,anim,True,False,42928,25674,0,0,0,2,0,5.8,1
bunny,000330,anim,True,False,42928,24576,0,0,3,2,0,6.146,1
bunny,000331,anim,True,False,42928,25542,0,0,2,4,0,6.237,1
bunny,000332,anim,True,False,42928,26120,0,0,1,0,0,5.141,1
bunny,000333,anim,True,False,42928,25688,0,0,0,2,0,5.447,1
bunny,000334,anim,True,False,42928,25914,0,0,0,4,0,5.807,1
bunny,000335,anim,True,False,42928,25016,0,0,0,2,0,5.612,1
bunny,000336,anim,True,False,42928,25982,0,0,0,2,2,5.19,1
bunny,000337,anim,True,False,42928,24998,0,0,1,2,0,5.173,1
bunny,000338,anim,True,False,42928,25188,1,0,0,0,0,6.025,1
bunny,000339,anim,True,False,42928,25000,0,0,0,2,0,4.987,1
bunny,000340,anim,True,False,42928,25324,0,0,0,0,0,5.145,1
bunny,000341,anim,True,False,42928,25358,0,0,1,2,0,5.298,1
bunny,000342,anim,True,False,42928,25148,0,0,0,2,0,5.289,1
bunny,000343,anim,True,False,42928,25012,0,0,1,0,0,5.175,1
bunny,000344,anim,True,False,42928,25064,0,0,0,0,0,5.235,1
bunny,000345,anim,True,False,42928,25300,1,0,3,8,0,5.787,1
bunny,000346,anim,True,False,42928,25176,0,0,2,6,0,5.552,1
bunny,000347,anim,True,False,42928,25510,0,0,1,8,0,5.257,1
bunny,000348,anim,True,False,42928,25550,0,0,1,6,0,5.753,1
bunny,000349,anim,True,False,42928,25312,0,0,2,4,0,5.636,1
bunny,000350,anim,True,False,42928,25770,0,0,1,4,0,5.696,1
bunny,000351,anim,True,False,42928,25654,0,0,2,2,0,6.258,1
bunny,000352,anim,True,False,42928,25924,0,0,2,0,0,6.214,1
bunny,000353,anim,True,False,42928,26418,0,0,1,8,0,6.56,1
bunny,000354,anim,True,False,42928,26176,0,0,4,4,0,6.533,1
bunny,000355,anim,True,False,42928,26000,0,0,1,0,0,6.434,1
bunny,000356,anim,True,False,42928,25280,0,0,1,2,0,6.782,1
bunny,000357,anim,True,False,42928,25428,0,0,0,6,0,6.908,1
bunny,000358,anim,True,False,42928,26096,0,0,1,8,0,7.287,1
bunny,000359,anim,True,False,42928,25298,0,0,2,6,0,6.814,1
bunny,000360,anim,True,False,42928,25188,0,0,2,0,0,6.704,1
bunny,000361,anim,True,False,42928,25094,0,0,5,2,0,6.715,1
bunny,000362,anim,True,False,42928,24818,0,0,2,2,0,6.686,1
bunny,000363,anim,True,False,42928,24774,3,0,2,2,0,6.92,1
bunny,000364,anim,True,False,42928,24704,0,0,4,4,0,7.03,1
bunny,000365,anim,True,False,42928,25024,0,0,1,4,0,6.476,1
bunny,000366,anim,True,False,42928,24778,0,0,2,0,0,6.8,1
bunny,000367,anim,True,False,42928,25186,0,0,1,8,0,6.845,1
bunny,000368,anim,True,False,42928,25004,0,0,2,0,0,6.008,1
bunny,000369,anim,True,False,42928,24430,0,0,1,2,0,6.851,1
bunny,000370,anim,True,False,42928,24882,0,0,1,0,0,5.886,1
bunny,000371,anim,True,False,42928,24866,0,0,0,0,0,5.909,1
bunny,000372,anim,True,False,42928,24426,0,0,0,0,0,5.59,1
bunny,000373,anim,True,False,42928,24524,0,0,0,0,0,5.401,1
bunny,000374,anim,True,False,42928,23912,0,0,0,0,0,5.27,1
bunny,000375,anim,True,False,42928,23626,0,0,0,0,0,5.319,1
bunny,000376,anim,True,False,42928,23746,0,0,2,4,0,5.437,1
bunny,000377,anim,True,False,42928,24042,0,0,3,0,0,5.589,1
bunny,000378,anim,True,False,42928,23684,0,0,2,2,0,5.858,1
bunny,000379,anim,True,False,42928,23416,0,0,1,2,0,5.665,1
bunny,000380,anim,True,False,42928,23046,0,0,1,2,0,5.094,1
bunny,000381,anim,True,False,42928,23128,0,0,0,0,0,5.524,1
bunny,000382,anim,True,False,42928,22876,0,0,2,0,0,5.428,1
bunny,000383,anim,True,False,42928,22414,0,0,1,2,0,5.045,1
bunny,000384,anim,True,False,42928,22628,0,0,0,2,0,5.069,1
bunny,000385,anim,True,False,42928,22980,0,0,1,2,0,5.535,1
bunny,000386,anim,True,False,42928,22660,0,0,0,6,0,5.29,1
bunny,000387,anim,True,False,42928,22306,0,0,1,0,0,5.082,1
bunny,000388,anim,True,False,42928,22906,0,0,2,2,0,5.18,1
bunny,000389,anim,True,False,42928,22788,0,0,0,0,0,5.137,1
bunny,000390,anim,True,False,42928,23360,0,0,0,0,0,5.372,1
bunny,000391,anim,True,False,42928,23480,0,0,2,0,0,5.502,1
bunny,000392,anim,True,False,42928,23430,0,0,0,2,0,5.621,1
bunny,000393,anim,True,False,42928,24024,0,0,1,2,0,5.328,1
bunny,000394,anim,True,False,42928,23678,0,0,1,2,1,5.243,1
bunny,000395,anim,True,False,42928,23914,0,0,2,0,0,5.086,1
bunny,000396,anim,True,False,42928,24100,0,0,0,0,0,5.218,1
bunny,000397,anim,True,False,42928,24164,0,0,2,2,0,5.023,1
bunny,000398,anim,True,False,42928,23478,0,0,1,0,0,5.086,1
bunny,000399,anim,True,False,42928,23686,0,0,0,0,0,4.978,1
bunny,000400,anim,True,False,42928,23334,0,0,1,0,0,4.984,1
Angela,000001,anim,True,True,39576,20188,8,0,3,14,1,6.962,1
Angela,000002,anim,True,True,39576,23456,1,0,2,4,2,7.687,1
Angela,000003,anim,True,True,39576,23665,0,0,4,6,2,6.866,1
Angela,000004,anim,True,True,39576,22583,1,0,3,10,2,7.438,1
Angela,000005,anim,True,True,39576,23502,0,0,0,8,2,6.678,1
Angela,000006,anim,True,True,158304,35546,0,1,0,4,0,22.235,2
Angela,000007,anim,True,True,39576,23064,0,1,3,2,2,6.641,1
Angela,000008,anim,True,True,39576,22830,0,0,0,2,1,6.455,1
Angela,000009,anim,True,True,39576,20478,11,0,0,4,1,6.872,1
Angela,000010,anim,True,True,39576,23000,0,0,0,4,1,6.925,1
Angela,000011,anim,True,True,158304,35760,0,0,0,6,0,22.591,2
Angela,000012,anim,True,True,158304,34658,0,1,1,2,0,21.716,2
Angela,000013,anim,True,True,158304,34510,0,0,1,4,0,20.671,2
Angela,000014,anim,True,True,158304,34637,0,0,1,4,0,21.099,2
Angela,000015,anim,True,True,158304,35283,0,0,1,0,0,20.125,2
Angela,000016,anim,True,True,39576,22433,0,0,1,4,1,5.829,1
Angela,000017,anim,True,True,39576,22693,0,0,1,4,1,6.129,1
Angela,000018,anim,True,True,39576,22523,0,0,0,2,1,5.893,1
Angela,000019,anim,True,True,39576,21953,0,0,0,2,1,6.322,1
Angela,000020,anim,True,True,39576,22353,0,0,0,2,1,5.869,1
Angela,000021,anim,True,True,39576,22237,0,0,1,4,1,6.256,1
Angela,000022,anim,True,True,39576,22237,0,0,3,2,1,6.061,1
Angela,000023,anim,True,True,158304,35169,0,0,2,8,0,19.719,2
Angela,000024,anim,True,True,158304,34151,0,0,1,0,0,20.098,2
Angela,000025,anim,True,True,633216,56849,0,0,2,4,0,75.478,3
Angela,000026,anim,True,True,158304,34927,0,0,2,4,0,21.399,2
Angela,000027,anim,True,True,158304,34715,0,0,1,4,0,21.48,2
Angela,000028,anim,True,True,158304,34601,0,0,1,2,0,23.435,2
Angela,000029,anim,True,True,39576,22603,0,0,2,12,0,6.909,1
Angela,000030,anim,True,True,39576,22621,0,0,2,8,0,7.033,1
Angela,000031,anim,True,True,39576,23013,1,0,5,6,0,8.478,1
Angela,000032,anim,True,True,39576,23149,0,0,4,4,1,7.242,1
Angela,000033,anim,True,True,39576,22043,8,0,2,11,0,7.865,1
Angela,000034,anim,True,True,39576,23281,0,0,1,6,0,7.197,1
Angela,000035,anim,True,True,158304,36467,0,0,2,2,0,26.643,2
Angela,000036,anim,True,True,39576,23209,0,0,2,0,0,6.707,1
Angela,000037,anim,True,True,158304,35858,0,0,1,0,0,26.539,2
Angela,000038,anim,True,True,158304,36738,0,0,1,0,0,25.038,2
Angela,000039,anim,True,True,158304,36804,0,0,0,0,1,22.851,2
Angela,000040,anim,True,True,39576,23586,0,0,1,2,0,7.965,1
Angela,000041,anim,True,True,39576,24488,0,0,1,10,0,6.857,1
Angela,000042,anim,True,True,39576,24348,0,0,3,4,0,7.172,1
Angela,000043,anim,True,True,39576,23992,0,0,0,0,0,7.599,1
Angela,000044,anim,True,True,39576,24398,0,0,1,0,0,7.267,1
Angela,000045,anim,True,True,39576,24458,0,0,5,2,0,7.523,1
Angela,000046,anim,True,True,39576,24452,0,0,1,8,0,7.31,1
Angela,000047,anim,True,True,39576,25998,0,0,4,2,1,7.27,1
Angela,000048,anim,True,True,39576,24668,0,0,3,4,0,6.544,1
Angela,000049,anim,True,True,39576,23904,0,2,7,8,1,6.995,1
Angela,000050,anim,True,True,39576,23186,5,0,2,8,1,6.9,1
Angela,000051,anim,True,True,39576,24456,0,1,4,4,0,6.538,1
Angela,000052,anim,True,True,39576,24386,0,1,6,2,0,6.716,1
Angela,000053,anim,True,True,39576,24554,0,0,5,0,0,6.791,1
Angela,000054,anim,True,True,39576,24478,0,0,3,4,0,6.589,1
Angela,000055,anim,True,True,39576,24398,0,0,2,12,0,7.043,1
Angela,000056,anim,True,True,39576,21776,9,0,3,0,0,6.662,1
Angela,000057,anim,True,True,39576,24200,0,0,1,8,0,6.372,1
Angela,000058,anim,True,True,39576,24026,0,0,2,4,0,6.419,1
Angela,000059,anim,True,True,39576,23770,0,0,0,8,0,6.345,1
Angela,000060,anim,True,True,39576,23778,0,0,1,10,0,6.285,1
Angela,000061,anim,True,True,39576,23912,0,0,0,8,0,6.285,1
Angela,000062,anim,True,True,39576,23516,0,0,2,4,0,6.425,1
Angela,000063,anim,True,True,158304,36186,0,0,0,0,0,20.51,2
Angela,000064,anim,True,True,39576,23252,1,0,1,0,0,6.217,1
Angela,000065,anim,True,True,39576,22840,0,0,2,2,0,6.297,1
Angela,000066,anim,True,True,39576,22660,0,0,2,4,0,6.235,1
Angela,000067,anim,True,True,158304,35074,0,0,0,2,0,20.421,2
Angela,000068,anim,True,True,158304,35286,0,0,1,4,0,19.248,2
Angela,000069,anim,True,True,39576,22460,0,0,3,12,0,6.172,1
Angela,000070,anim,True,True,39576,22494,0,0,4,12,0,6.013,1
Angela,000071,anim,True,True,39576,22820,0,0,0,16,0,6.145,1
Angela,000072,anim,True,True,39576,23105,0,0,1,12,0,6.165,1
Angela,000073,anim,True,True,39576,22744,1,0,2,8,0,6.595,1
Angela,000074,anim,True,True,39576,23156,0,0,0,10,1,5.992,1
Angela,000075,anim,True,True,39576,23054,1,0,2,14,0,6.058,1
Angela,000076,anim,True,True,39576,22604,0,0,1,16,0,6.165,1
Angela,000077,anim,True,True,39576,22520,0,0,3,6,0,5.593,1
Angela,000078,anim,True,True,39576,22516,0,0,1,2,0,5.936,1
Angela,000079,anim,True,True,39576,22678,0,0,1,14,0,6.254,1
Angela,000080,anim,True,True,158304,34381,0,0,0,10,0,19.249,2
Angela,000081,anim,True,True,39576,22038,0,0,2,10,0,5.732,1
Angela,000082,anim,True,True,39576,21936,0,0,3,12,0,5.723,1
Angela,000083,anim,True,True,39576,22246,0,0,0,10,0,6.012,1
Angela,000084,anim,True,True,39576,22432,0,0,0,10,0,6.323,1
Angela,000085,anim,True,True,39576,21716,0,0,1,16,0,5.781,1
Angela,000086,anim,True,True,39576,21712,0,0,1,14,0,5.914,1
Angela,000087,anim,True,True,39576,22050,0,0,2,20,0,5.993,1
Angela,000088,anim,True,True,39576,21530,0,0,1,14,0,6.945,1
Angela,000089,anim,True,True,633216,56052,0,0,0,8,0,60.858,3
Angela,000090,anim,True,True,158304,33682,0,0,1,10,0,19.53,2
Angela,000091,anim,True,True,158304,33022,0,0,0,6,0,17.96,2
Angela,000092,anim,True,True,158304,34366,0,0,0,10,0,18.25,2
Angela,000093,anim,True,True,158304,33764,0,0,1,8,0,18.208,2
Angela,000094,anim,True,True,158304,33212,0,0,4,14,0,17.619,2
Angela,000095,anim,True,True,158304,33706,0,0,1,16,0,18.433,2
Angela,000096,anim,True,True,158304,33373,0,2,3,18,0,18.097,2
Angela,000097,anim,True,True,158304,33755,0,0,1,24,0,18.218,2
Angela,000098,anim,True,True,158304,34260,0,0,0,12,0,17.596,2
Angela,000099,anim,True,True,158304,33322,0,0,1,8,0,16.715,2
Angela,000100,anim,True,True,158304,32664,0,0,0,6,0,17.172,2
Angela,000101,anim,True,True,158304,33190,0,0,0,8,0,18.705,2
Angela,000102,anim,True,True,158304,33264,0,0,1,6,0,17.935,2
Angela,000103,anim,True,True,39576,22038,0,0,3,12,0,6.111,1
Angela,000104,anim,True,True,39576,21954,0,0,2,20,0,5.748,1
Angela,000105,anim,True,True,39576,22258,0,0,1,16,0,5.852,1
Angela,000106,anim,True,True,39576,21802,0,0,2,14,0,5.828,1
Angela,000107,anim,True,True,39576,22936,0,0,1,12,0,6.86,1
Angela,000108,anim,True,True,39576,22282,0,0,1,12,0,6.102,1
Angela,000109,anim,True,True,39576,22228,0,0,1,14,0,5.919,1
Angela,000110,anim,True,True,39576,22932,0,0,2,12,0,6.214,1
Angela,000111,anim,True,True,158304,33970,0,0,0,6,0,19.167,2
Angela,000112,anim,True,True,39576,22590,0,0,1,10,0,6.323,1
Angela,000113,anim,True,True,39576,22540,0,0,1,4,0,6.02,1
Angela,000114,anim,True,True,158304,34594,0,0,1,8,1,20.306,2
Angela,000115,anim,True,True,158304,34722,0,0,0,4,0,19.639,2
Angela,000116,anim,True,True,39576,22590,1,0,1,14,0,6.786,1
Angela,000117,anim,True,True,39576,22612,0,0,1,16,0,6.232,1
Angela,000118,anim,True,True,39576,22598,0,0,1,6,0,6.285,1
Angela,000119,anim,True,True,39576,23342,0,0,1,18,0,6.476,1
Angela,000120,anim,True,True,39576,22480,0,0,3,18,0,5.945,1
Angela,000121,anim,True,True,39576,22706,0,0,3,16,0,5.977,1
Angela,000122,anim,True,True,158304,34941,0,0,1,10,0,18.919,2
Angela,000123,anim,True,True,39576,23630,0,0,3,8,0,6.323,1
Angela,000124,anim,True,True,39576,22828,0,0,3,2,0,6.235,1
Angela,000125,anim,True,True,39576,22530,0,0,2,2,0,6.016,1
Angela,000126,anim,True,True,39576,22810,0,0,1,2,0,5.866,1
Angela,000127,anim,True,True,39576,23078,0,0,1,0,0,5.75,1
Angela,000128,anim,True,True,158304,36203,0,0,0,0,1,20.092,2
Angela,000129,anim,True,True,39576,23098,0,0,1,2,0,6.117,1
Angela,000130,anim,True,True,39576,24036,0,0,0,8,0,6.2,1
Angela,000131,anim,True,True,39576,23918,0,0,1,6,0,6.611,1
Angela,000132,anim,True,True,39576,24016,0,0,0,4,0,6.426,1
Angela,000133,anim,True,True,39576,23688,0,0,0,4,0,6.412,1
Angela,000134,anim,True,True,39576,23946,0,0,2,6,0,6.594,1
Angela,000135,anim,True,True,39576,24434,1,0,1,0,1,7.594,1
Angela,000136,anim,True,True,39576,24204,1,0,4,5,1,6.903,1
Angela,000137,anim,True,True,39576,23978,0,0,3,6,0,6.54,1
Angela,000138,anim,True,True,39576,23890,0,0,6,2,0,6.695,1
Angela,000139,anim,True,True,158304,37362,0,0,2,0,0,22.664,2
Angela,000140,anim,True,True,39576,24422,0,0,7,6,1,7.038,1
Angela,000141,anim,True,True,39576,24394,0,0,4,4,0,6.856,1
Angela,000142,anim,True,True,158304,38176,0,1,2,4,0,22.455,2
Angela,000143,anim,True,True,39576,24300,0,0,5,2,0,6.744,1
Angela,000144,anim,True,True,39576,24398,0,0,5,6,0,6.525,1
Angela,000145,anim,True,True,39576,24654,0,0,3,8,0,7.287,1
Angela,000146,anim,True,True,39576,24104,0,0,2,2,0,7.35,1
Angela,000147,anim,True,True,39576,24656,0,0,2,4,0,7.496,1
Angela,000148,anim,True,True,158304,38026,0,0,0,0,0,28.172,2
Angela,000149,anim,True,True,39576,22946,6,0,3,6,0,7.463,1
Angela,000150,anim,True,True,39576,24590,0,0,2,12,0,7.4,1
BSoD-ItCA-final,000001,anim,True,True,30912,10544,0,0,0,2,0,3.719,1
BSoD-ItCA-final,000002,anim,True,True,30912,10660,0,0,0,8,0,3.482,1
BSoD-ItCA-final,000003,anim,True,True,30912,10820,0,0,0,2,0,3.551,1
BSoD-ItCA-final,000004,anim,True,True,123648,17378,0,0,0,0,0,12.695,2
BSoD-ItCA-final,000005,anim,True,True,123648,17120,0,0,1,1,0,12.33,2
BSoD-ItCA-final,000006,anim,True,True,30912,10190,0,0,0,1,0,3.667,1
BSoD-ItCA-final,000007,anim,True,True,30912,10191,0,0,0,4,0,3.752,1
BSoD-ItCA-final,000008,anim,True,True,30912,9976,0,0,0,0,0,3.748,1
BSoD-ItCA-final,000009,anim,True,True,30912,9815,0,0,0,4,0,3.547,1
BSoD-ItCA-final,000010,anim,True,True,30912,9706,0,0,0,5,0,3.721,1
BSoD-ItCA-final,000011,anim,True,True,30912,9680,0,0,1,2,0,3.551,1
BSoD-ItCA-final,000012,anim,True,True,30912,10628,0,0,0,0,0,3.751,1
BSoD-ItCA-final,000013,anim,True,True,30912,10094,0,0,0,0,0,3.691,1
BSoD-ItCA-final,000014,anim,True,True,123648,16626,0,0,0,2,0,10.608,2
BSoD-ItCA-final,000015,anim,True,True,30912,10128,0,0,0,1,0,3.804,1
BSoD-ItCA-final,000016,anim,True,True,30912,9922,0,0,0,5,0,3.756,1
BSoD-ItCA-final,000017,anim,True,True,30912,9354,0,0,0,0,0,3.457,1
BSoD-ItCA-final,000018,anim,True,True,30912,9432,0,0,0,0,0,3.274,1
BSoD-ItCA-final,000019,anim,True,True,30912,9376,0,0,0,0,0,3.342,1
BSoD-ItCA-final,000020,anim,True,True,30912,9878,0,0,0,0,0,3.447,1
BSoD-ItCA-final,000021,anim,True,True,30912,9746,0,0,0,0,0,3.545,1
BSoD-ItCA-final,000022,anim,True,True,30912,10226,0,0,0,5,0,3.859,1
BSoD-ItCA-final,000023,anim,True,True,30912,10358,0,0,0,3,0,3.932,1
BSoD-ItCA-final,000024,anim,True,True,30912,10692,0,0,1,1,0,3.846,1
BSoD-ItCA-final,000025,anim,True,True,30912,10568,0,0,0,1,0,3.924,1
BSoD-ItCA-final,000026,anim,True,True,30912,10852,0,0,1,0,0,4.089,1
BSoD-ItCA-final,000027,anim,True,True,30912,10644,0,0,0,5,0,3.753,1
BSoD-ItCA-final,000028,anim,True,True,123648,17690,0,0,0,0,0,9.411,2
BSoD-ItCA-final,000029,anim,True,True,30912,10774,0,0,0,0,0,3.735,1
BSoD-ItCA-final,000030,anim,True,True,30912,10646,0,0,0,0,0,3.494,1
BSoD-ItCA-final,000031,anim,True,True,30912,10632,0,0,1,2,0,3.812,1
BSoD-ItCA-final,000032,anim,True,True,30912,10504,0,0,0,2,0,3.648,1
BSoD-ItCA-final,000033,anim,True,True,30912,10924,0,0,0,4,1,3.754,1
BSoD-ItCA-final,000034,anim,True,True,30912,10622,0,0,0,1,0,3.718,1
BSoD-ItCA-final,000035,anim,True,True,30912,10638,0,0,1,3,0,3.698,1
BSoD-ItCA-final,000036,anim,True,True,30912,10342,0,0,0,3,0,3.718,1
BSoD-ItCA-final,000037,anim,True,True,30912,10107,0,0,0,4,0,3.78,1
BSoD-ItCA-final,000038,anim,True,True,30912,10174,0,0,1,0,0,3.734,1
BSoD-ItCA-final,000039,anim,True,True,30912,9810,0,0,0,5,0,3.584,1
BSoD-ItCA-final,000040,anim,True,True,30912,9950,0,0,0,6,0,3.856,1
BSoD-ItCA-final,000041,anim,True,True,30912,9710,0,0,0,0,0,3.643,1
BSoD-ItCA-final,000042,anim,True,True,30912,9750,0,0,0,0,1,3.682,1
BSoD-ItCA-final,000043,anim,True,True,30912,10100,0,0,0,0,1,3.689,1
BSoD-ItCA-final,000044,anim,True,True,30912,10202,0,0,1,3,0,3.915,1
BSoD-ItCA-final,000045,anim,True,True,30912,10220,0,0,0,1,0,3.945,1
BSoD-ItCA-final,000046,anim,True,True,30912,9926,0,0,0,5,0,3.826,1
BSoD-ItCA-final,000047,anim,True,True,30912,9100,0,0,0,0,0,3.375,1
BSoD-ItCA-final,000048,anim,True,True,30912,9672,0,0,0,0,0,3.337,1
BSoD-ItCA-final,000049,anim,True,True,30912,9642,0,0,0,0,0,3.394,1
BSoD-ItCA-final,000050,anim,True,True,30912,8784,5,0,0,0,0,3.715,1
BSoD-ItCA-final,000051,anim,True,True,30912,10096,0,0,1,0,0,3.415,1
BSoD-ItCA-final,000052,anim,True,True,494592,28960,0,0,0,0,0,43.913,3
BSoD-ItCA-final,000053,anim,True,True,30912,10374,0,0,0,0,1,3.641,1
BSoD-ItCA-final,000054,anim,True,True,30912,10188,0,0,1,4,0,3.789,1
BSoD-ItCA-final,000055,anim,True,True,30912,9934,0,0,0,0,0,3.544,1
BSoD-ItCA-final,000056,anim,True,True,30912,10108,0,0,1,3,0,3.748,1
BSoD-ItCA-final,000057,anim,True,True,30912,10396,0,0,0,2,0,3.712,1
BSoD-ItCA-final,000058,anim,True,True,123648,17392,0,0,0,0,0,9.383,2
BSoD-ItCA-final,000059,anim,True,True,30912,10226,0,0,0,0,0,3.582,1
BSoD-ItCA-final,000060,anim,True,True,30912,10420,0,0,0,5,0,3.911,1
BSoD-ItCA-final,000061,anim,True,True,30912,10190,0,0,0,2,1,3.567,1
BSoD-ItCA-final,000062,anim,True,True,30912,10083,0,0,0,4,0,3.567,1
BSoD-ItCA-final,000063,anim,True,True,30912,10431,0,0,0,5,0,3.812,1
BSoD-ItCA-final,000064,anim,True,True,30912,10292,0,0,0,2,0,3.653,1
BSoD-ItCA-final,000065,anim,True,True,30912,10050,0,0,2,3,0,3.856,1
BSoD-ItCA-final,000066,anim,True,True,30912,10084,0,0,1,1,0,3.824,1
BSoD-ItCA-final,000067,anim,True,True,30912,10230,0,0,0,4,0,3.61,1
BSoD-ItCA-final,000068,anim,True,True,30912,10441,0,0,0,1,0,3.564,1
BSoD-ItCA-final,000069,anim,True,True,30912,9908,0,0,0,3,0,3.832,1
BSoD-ItCA-final,000070,anim,True,True,30912,9806,0,0,0,2,1,3.846,1
BSoD-ItCA-final,000071,anim,True,True,30912,9744,0,0,1,0,0,3.692,1
BSoD-ItCA-final,000072,anim,True,True,30912,9924,0,0,0,0,0,3.5,1
BSoD-ItCA-final,000073,anim,True,True,30912,9982,0,0,0,2,0,3.55,1
BSoD-ItCA-final,000074,anim,True,True,30912,9750,0,0,2,1,0,3.554,1
BSoD-ItCA-final,000075,anim,True,True,30912,10126,0,0,0,1,0,3.752,1
BSoD-ItCA-final,000076,anim,True,True,30912,9970,0,0,0,0,0,3.579,1
BSoD-ItCA-final,000077,anim,True,True,30912,8932,0,0,0,0,0,3.29,1
BSoD-ItCA-final,000078,anim,True,True,30912,9516,1,0,0,2,0,3.722,1
BSoD-ItCA-final,000079,anim,True,True,30912,9674,0,0,0,0,0,3.519,1
BSoD-ItCA-final,000080,anim,True,True,30912,8814,4,0,0,0,0,3.801,1
BSoD-ItCA-final,000081,anim,True,True,30912,9807,0,0,0,3,0,3.7,1
BSoD-ItCA-final,000082,anim,True,True,30912,10072,0,0,0,5,0,3.879,1
BSoD-ItCA-final,000083,anim,True,True,30912,10218,0,0,0,3,0,3.813,1
BSoD-ItCA-final,000084,anim,True,True,30912,10323,0,0,1,4,0,3.922,1
BSoD-ItCA-final,000085,anim,True,True,30912,10648,0,0,0,2,0,3.945,1
BSoD-ItCA-final,000086,anim,True,True,30912,10731,0,0,1,6,0,3.664,1
BSoD-ItCA-final,000087,anim,True,True,123648,18270,0,0,0,0,0,9.578,2
BSoD-ItCA-final,000088,anim,True,True,30912,10908,0,0,1,0,0,3.739,1
BSoD-ItCA-final,000089,anim,True,True,30912,10726,0,0,0,0,0,3.533,1
BSoD-ItCA-final,000090,anim,True,True,30912,10592,0,0,0,2,0,3.703,1
BSoD-ItCA-final,000091,anim,True,True,30912,10570,0,0,0,2,0,3.784,1
BSoD-ItCA-final,000092,anim,True,True,30912,10792,0,0,0,2,0,3.748,1
BSoD-ItCA-final,000093,anim,True,True,30912,10218,3,0,0,2,0,3.772,1
BSoD-ItCA-final,000094,anim,True,True,123648,17206,0,0,0,1,0,12.238,2
BSoD-ItCA-final,000095,anim,True,True,30912,10326,0,0,0,1,0,3.721,1
BSoD-ItCA-final,000096,anim,True,True,30912,10284,0,0,0,1,0,3.737,1
BSoD-ItCA-final,000097,anim,True,True,30912,10097,0,0,0,1,0,3.691,1
BSoD-ItCA-final,000098,anim,True,True,30912,10073,0,0,0,3,0,3.657,1
BSoD-ItCA-final,000099,anim,True,True,30912,9934,0,0,0,1,0,3.787,1
BSoD-ItCA-final,000100,anim,True,True,30912,9518,0,0,0,4,0,3.628,1
BSoD-ItCA-final,000101,anim,True,True,30912,9768,2,0,0,0,0,3.954,1
BSoD-ItCA-final,000102,anim,True,True,30912,10026,0,0,0,0,0,3.843,1
BSoD-ItCA-final,000103,anim,True,True,30912,10186,0,0,1,2,0,3.827,1
BSoD-ItCA-final,000104,anim,True,True,30912,10386,0,0,0,3,0,3.687,1
BSoD-ItCA-final,000105,anim,True,True,30912,9918,0,0,0,1,0,3.763,1
BSoD-ItCA-final,000106,anim,True,True,30912,9706,0,0,1,0,0,3.519,1
BSoD-ItCA-final,000107,anim,True,True,30912,9018,0,0,0,0,0,3.279,1
BSoD-ItCA-final,000108,anim,True,True,30912,9436,0,0,0,0,0,3.349,1
BSoD-ItCA-final,000109,anim,True,True,30912,9636,0,0,0,0,0,3.418,1
BSoD-ItCA-final,000110,anim,True,True,30912,9756,0,0,0,0,0,3.466,1
BSoD-ItCA-final,000111,anim,True,True,30912,9969,0,0,0,4,0,3.769,1
BSoD-ItCA-final,000112,anim,True,True,30912,10364,0,0,0,3,0,3.929,1
BSoD-ItCA-final,000113,anim,True,True,30912,10278,0,0,0,1,0,3.827,1
BSoD-ItCA-final,000114,anim,True,True,30912,10157,0,0,0,0,0,3.835,1
BSoD-ItCA-final,000115,anim,True,True,30912,10458,0,0,0,2,0,3.84,1
BSoD-ItCA-final,000116,anim,True,True,30912,10866,0,0,0,6,0,3.771,1
BSoD-ItCA-final,000117,anim,True,True,123648,17564,0,0,0,0,0,9.729,2
BSoD-ItCA-final,000118,anim,True,True,123648,18430,0,0,0,2,0,9.686,2
BSoD-ItCA-final,000119,anim,True,True,30912,10590,0,0,0,0,0,3.486,1
BSoD-ItCA-final,000120,anim,True,True,30912,10546,0,0,0,2,0,3.636,1
sphereB,000,multi,True,False,768,4248,0,0,0,0,0,0.144,1
sphereB,001,multi,True,False,768,3824,0,0,0,0,0,0.132,1
sphereB,002,multi,True,False,768,4198,0,0,0,0,0,0.145,1
sphereB,010,multi,True,False,768,3888,0,0,0,0,0,0.128,1
sphereB,011,multi,True,False,768,3244,0,0,0,0,0,0.128,1
sphereB,012,multi,True,False,768,3852,0,0,0,0,0,0.128,1
sphereB,020,multi,True,False,768,4204,0,0,0,0,0,0.144,1
sphereB,021,multi,True,False,768,3926,0,0,0,0,0,0.131,1
sphereB,022,multi,True,False,768,4212,0,0,0,0,0,0.146,1
sphereB,100,multi,True,False,768,3822,0,0,0,0,0,0.131,1
sphereB,101,multi,True,False,768,3270,0,0,0,0,0,0.133,1
sphereB,102,multi,True,False,768,3862,0,0,0,0,0,0.132,1
sphereB,110,multi,True,False,768,3224,0,0,0,0,0,0.13,1
sphereB,112,multi,True,False,768,3212,0,0,0,0,0,0.131,1
sphereB,120,multi,True,False,768,3880,0,0,0,0,0,0.132,1
sphereB,121,multi,True,False,768,3224,0,0,0,0,0,0.13,1
sphereB,122,multi,True,False,768,3878,0,0,0,0,0,0.135,1
sphereB,200,multi,True,False,768,4262,0,0,0,0,0,0.144,1
sphereB,201,multi,True,False,768,3888,0,0,0,0,0,0.129,1
sphereB,202,multi,True,False,768,4240,0,0,0,0,0,0.148,1
sphereB,210,multi,True,False,768,3902,0,0,0,0,0,0.132,1
sphereB,211,multi,True,False,768,3260,0,0,0,0,0,0.129,1
sphereB,212,multi,True,False,768,3904,0,0,0,0,0,0.131,1
sphereB,220,multi,True,False,768,4198,0,0,0,0,0,0.156,1
sphereB,221,multi,True,False,768,3880,0,0,0,0,0,0.144,1
sphereB,222,multi,True,False,768,4212,0,0,0,0,0,0.146,1
bump_fine,000,multi,True,False,768,2676,0,0,0,0,0,0.183,1
bump_fine,001,multi,True,False,768,2594,0,0,0,0,0,0.186,1
bump_fine,002,multi,True,False,768,2690,0,0,0,0,0,0.191,1
bump_fine,010,multi,True,False,768,2894,0,0,0,0,0,0.473,1
bump_fine,011,multi,True,False,768,2780,0,0,0,0,0,0.967,1
bump_fine,012,multi,True,False,768,2878,0,0,0,0,0,0.403,1
bump_fine,020,multi,True,False,768,2706,0,0,0,0,0,0.198,1
bump_fine,021,multi,True,False,768,2546,0,0,0,0,0,0.177,1
bump_fine,022,multi,True,False,768,2668,0,0,0,0,0,0.221,1
bump_fine,100,multi,True,False,768,2518,0,0,0,0,0,0.173,1
bump_fine,101,multi,True,False,768,2358,0,0,0,0,0,0.113,1
bump_fine,102,multi,True,False,768,2530,0,0,0,0,0,0.174,1
bump_fine,110,multi,True,False,768,2736,0,0,0,0,0,1.07,1
bump_fine,112,multi,True,False,768,2768,0,0,0,0,0,0.926,1
bump_fine,120,multi,True,False,768,2418,0,0,0,0,0,0.182,1
bump_fine,121,multi,True,False,768,2540,0,0,0,0,0,0.124,1
bump_fine,122,multi,True,False,768,2594,0,0,0,0,0,0.181,1
bump_fine,200,multi,True,False,768,2672,0,0,0,0,0,0.186,1
bump_fine,201,multi,True,False,768,2722,0,0,0,0,0,0.184,1
bump_fine,202,multi,True,False,768,2656,0,0,0,0,0,0.187,1
bump_fine,210,multi,True,False,768,2748,0,0,0,0,0,0.481,1
bump_fine,211,multi,True,False,768,2766,0,0,0,0,0,1.013,1
bump_fine,212,multi,True,False,768,2840,0,0,0,0,0,0.484,1
bump_fine,220,multi,True,False,768,2632,0,0,0,0,0,0.23,1
bump_fine,221,multi,True,False,768,2590,0,0,0,0,0,0.177,1
bump_fine,222,multi,True,False,768,2644,0,0,0,0,0,0.198,1
stage_uShaped,000,multi,True,False,1392,17080,0,0,0,0,0,1.308,1
stage_uShaped,001,multi,True,False,1392,22548,0,0,0,0,0,1.286,1
stage_uShaped,002,multi,True,False,1392,18080,0,0,0,0,0,1.307,1
stage_uShaped,010,multi,True,False,1392,13204,0,0,0,0,0,1.196,1
stage_uShaped,011,multi,True,False,1392,18284,0,0,0,0,0,0.99,1
stage_uShaped,012,multi,True,False,1392,13972,0,0,0,0,0,1.224,1
stage_uShaped,020,multi,True,False,1392,14250,0,0,0,0,0,1.325,1
stage_uShaped,021,multi,True,False,1392,15586,0,0,0,0,0,0.983,1
stage_uShaped,022,multi,True,False,1392,13578,0,0,0,0,0,1.189,1
stage_uShaped,100,multi,True,False,1392,12240,0,0,0,0,0,1.739,1
stage_uShaped,101,multi,True,False,1392,17328,0,0,0,0,0,1.124,1
stage_uShaped,102,multi,True,False,1392,12096,0,0,0,0,0,1.743,1
stage_uShaped,110,multi,True,False,1392,9484,0,0,0,0,0,0.625,1
stage_uShaped,112,multi,True,False,1392,10534,0,0,0,0,0,0.659,1
stage_uShaped,120,multi,True,False,1392,15500,0,0,0,0,0,0.761,1
stage_uShaped,121,multi,True,False,1392,18570,0,0,0,0,0,0.917,1
stage_uShaped,122,multi,True,False,1392,16852,0,0,0,0,0,0.859,1
stage_uShaped,200,multi,True,False,1392,17984,0,0,0,0,0,1.29,1
stage_uShaped,201,multi,True,False,1392,21874,0,0,0,0,0,1.298,1
stage_uShaped,202,multi,True,False,1392,16136,0,0,0,0,0,1.313,1
stage_uShaped,210,multi,True,False,1392,14046,0,0,0,0,0,1.253,1
stage_uShaped,211,multi,True,False,1392,18468,0,0,0,0,0,1.028,1
stage_uShaped,212,multi,True,False,1392,13152,0,0,0,0,0,1.191,1
stage_uShaped,220,multi,True,False,1392,13502,0,0,0,0,0,1.21,1
stage_uShaped,221,multi,True,False,1392,15792,0,0,0,0,0,1.048,1
stage_uShaped,222,multi,True,False,1392,14888,0,0,0,0,0,1.288,1
ribbon_closed,000,multi,True,False,624,3186,0,0,0,0,0,0.25,1
ribbon_closed,001,multi,True,False,624,3232,0,0,0,0,0,0.254,1
ribbon_closed,002,multi,True,False,624,3200,0,0,0,0,0,0.252,1
ribbon_closed,010,multi,True,False,624,3096,0,0,0,0,0,0.238,1
ribbon_closed,011,multi,True,False,624,3168,0,0,0,0,0,0.269,1
ribbon_closed,012,multi,True,False,624,2868,0,0,0,0,0,0.258,1
ribbon_closed,020,multi,True,False,624,3284,0,0,0,0,0,0.235,1
ribbon_closed,021,multi,True,False,624,3030,0,0,0,0,0,0.246,1
ribbon_closed,022,multi,True,False,624,3214,0,0,0,0,0,0.288,1
ribbon_closed,100,multi,True,False,624,2990,0,0,0,0,0,0.256,1
ribbon_closed,101,multi,True,False,624,3192,0,0,0,0,0,0.237,1
ribbon_closed,102,multi,True,False,624,3032,0,0,0,0,0,0.243,1
ribbon_closed,110,multi,True,False,624,3230,0,0,0,0,0,0.249,1
ribbon_closed,112,multi,True,False,624,3118,0,0,0,0,0,0.268,1
ribbon_closed,120,multi,True,False,624,3156,0,0,0,0,0,0.234,1
ribbon_closed,121,multi,True,False,624,3192,0,0,0,0,0,0.241,1
ribbon_closed,122,multi,True,False,624,2878,0,0,0,0,0,0.249,1
ribbon_closed,200,multi,True,False,624,3070,0,0,0,0,0,0.251,1
ribbon_closed,201,multi,True,False,624,3282,0,0,0,0,0,0.245,1
ribbon_closed,202,multi,True,False,624,2956,0,0,0,0,0,0.234,1
ribbon_closed,210,multi,True,False,624,3390,0,0,0,0,0,0.247,1
ribbon_closed,211,multi,True,False,624,2848,0,0,0,0,0,0.247,1
ribbon_closed,212,multi,True,False,624,3532,0,0,0,0,0,0.247,1
ribbon_closed,220,multi,True,False,624,3160,0,0,0,0,0,0.233,1
ribbon_closed,221,multi,True,False,624,3714,0,0,0,0,0,0.237,1
ribbon_closed,222,multi,True,False,624,3172,0,0,0,0,0,0.25,1
split,000,multi,True,False,768,4694,0,0,0,0,0,0.224,1
split,001,multi,True,False,768,4664,0,0,0,0,0,0.187,1
split,002,multi,True,False,768,4744,0,0,0,0,0,0.166,1
split,010,multi,True,False,768,3828,0,0,0,0,0,0.181,1
split,011,multi,True,False,768,4486,0,0,0,0,0,0.202,1
split,012,multi,True,False,768,3820,0,0,0,0,0,0.128,1
split,020,multi,True,False,768,4202,0,0,0,0,0,0.191,1
split,021,multi,True,False,768,4786,0,0,0,0,0,0.201,1
split,022,multi,True,False,768,4428,0,0,0,0,0,0.16,1
split,100,multi,True,False,768,4566,0,0,0,0,0,0.183,1
split,101,multi,True,False,768,3456,0,0,0,0,0,0.123,1
split,102,multi,True,False,768,4582,0,0,0,0,0,0.202,1
split,110,multi,True,False,768,4418,0,0,0,0,0,0.192,1
split,112,multi,True,False,768,5004,0,0,0,0,0,0.203,1
split,120,multi,True,False,768,4826,0,0,0,0,0,0.197,1
split,121,multi,True,False,768,3420,0,0,0,0,0,0.126,1
split,122,multi,True,False,768,4546,0,0,0,0,0,0.214,1
split,200,multi,True,False,768,4632,0,0,0,0,0,0.161,1
split,201,multi,True,False,768,4678,0,0,0,0,0,0.18,1
split,202,multi,True,False,768,4462,0,0,0,0,0,0.242,1
split,210,multi,True,False,768,3846,0,0,0,0,0,0.129,1
split,211,multi,True,False,768,4286,0,0,0,0,0,0.197,1
split,212,multi,True,False,768,3824,0,0,0,0,0,0.177,1
split,220,multi,True,False,768,4424,0,0,0,0,0,0.171,1
split,221,multi,True,False,768,4898,0,0,0,0,0,0.211,1
split,222,multi,True,False,768,4060,0,0,0,0,0,0.189,1
torus_quad_v1,000,multi,True,False,256,1790,0,0,0,0,0,0.106,1
torus_quad_v1,001,multi,True,False,256,1540,0,0,0,0,0,0.099,1
torus_quad_v1,002,multi,True,False,256,1586,0,0,0,0,0,0.105,1
torus_quad_v1,010,multi,True,False,256,1526,0,0,0,0,0,0.106,1
torus_quad_v1,011,multi,True,False,256,1508,0,0,0,0,0,0.105,1
torus_quad_v1,012,multi,True,False,256,1648,0,0,0,0,0,0.107,1
torus_quad_v1,020,multi,True,False,256,1640,0,0,0,0,0,0.103,1
torus_quad_v1,021,multi,True,False,256,1498,0,0,0,0,0,0.097,1
torus_quad_v1,022,multi,True,False,256,1676,0,0,0,0,0,0.104,1
torus_quad_v1,100,multi,True,False,256,1528,0,0,0,0,0,0.099,1
torus_quad_v1,101,multi,True,False,256,1586,0,0,0,0,0,0.092,1
torus_quad_v1,102,multi,True,False,256,1664,0,0,0,0,0,0.114,1
torus_quad_v1,110,multi,True,False,256,1496,0,0,0,0,0,0.121,1
torus_quad_v1,112,multi,True,False,256,1590,0,0,0,0,0,0.109,1
torus_quad_v1,120,multi,True,False,256,1526,0,0,0,0,0,0.111,1
torus_quad_v1,121,multi,True,False,256,1468,0,0,0,0,0,0.091,1
torus_quad_v1,122,multi,True,False,256,1444,0,0,0,0,0,0.101,1
torus_quad_v1,200,multi,True,False,256,1754,0,0,0,0,0,0.107,1
torus_quad_v1,201,multi,True,False,256,1548,0,0,0,0,0,0.099,1
torus_quad_v1,202,multi,True,False,256,1752,0,0,0,0,0,0.109,1
torus_quad_v1,210,multi,True,False,256,1592,0,0,0,0,0,0.111,1
torus_quad_v1,211,multi,True,False,256,1550,0,0,0,0,0,0.107,1
torus_quad_v1,212,multi,True,False,256,1546,0,0,0,0,0,0.107,1
torus_quad_v1,220,multi,True,False,256,1734,0,0,0,0,0,0.122,1
torus_quad_v1,221,multi,True,False,256,1534,0,0,0,0,0,0.1,1
torus_quad_v1,222,multi,True,False,256,1690,0,0,0,0,0,0.104,1
torus_quad_v2,000,multi,True,False,256,1790,0,0,0,0,0,0.107,1
torus_quad_v2,001,multi,True,False,256,1540,0,0,0,0,0,0.099,1
torus_quad_v2,002,multi,True,False,256,1586,0,0,0,0,0,0.104,1
torus_quad_v2,010,multi,True,False,256,1526,0,0,0,0,0,0.107,1
torus_quad_v2,011,multi,True,False,256,1508,0,0,0,0,0,0.107,1
torus_quad_v2,012,multi,True,False,256,1648,0,0,0,0,0,0.11,1
torus_quad_v2,020,multi,True,False,256,1640,0,0,0,0,0,0.104,1
torus_quad_v2,021,multi,True,False,256,1498,0,0,0,0,0,0.097,1
torus_quad_v2,022,multi,True,False,256,1676,0,0,0,0,0,0.104,1
torus_quad_v2,100,multi,True,False,256,1528,0,0,0,0,0,0.097,1
torus_quad_v2,101,multi,True,False,256,1586,0,0,0,0,0,0.093,1
torus_quad_v2,102,multi,True,False,256,1664,0,0,0,0,0,0.101,1
torus_quad_v2,110,multi,True,False,256,1496,0,0,0,0,0,0.106,1
torus_quad_v2,112,multi,True,False,256,1590,0,0,0,0,0,0.108,1
torus_quad_v2,120,multi,True,False,256,1526,0,0,0,0,0,0.097,1
torus_quad_v2,121,multi,True,False,256,1468,0,0,0,0,0,0.091,1
torus_quad_v2,122,multi,True,False,256,1444,0,0,0,0,0,0.101,1
torus_quad_v2,200,multi,True,False,256,1754,0,0,0,0,0,0.12,1
torus_quad_v2,201,multi,True,False,256,1548,0,0,0,0,0,0.098,1
torus_quad_v2,202,multi,True,False,256,1752,0,0,0,0,0,0.108,1
torus_quad_v2,210,multi,True,False,256,1592,0,0,0,0,0,0.11,1
torus_quad_v2,211,multi,True,False,256,1550,0,0,0,0,0,0.109,1
torus_quad_v2,212,multi,True,False,256,1546,0,0,0,0,0,0.109,1
torus_quad_v2,220,multi,True,False,256,1734,0,0,0,0,0,0.114,1
torus_quad_v2,221,multi,True,False,256,1534,0,0,0,0,0,0.1,1
torus_quad_v2,222,multi,True,False,256,1690,0,0,0,0,0,0.118,1
cube,000,multi,True,False,48,334,0,0,0,0,0,0.022,1
cube,001,multi,True,False,48,308,0,0,0,0,0,0.021,1
cube,002,multi,True,False,48,356,0,0,0,0,0,0.022,1
cube,010,multi,True,False,48,298,0,0,0,0,0,0.021,1
cube,011,multi,True,False,48,252,0,0,0,0,0,0.023,1
cube,012,multi,True,False,48,328,0,0,0,0,0,0.022,1
cube,020,multi,True,False,48,348,0,0,0,0,0,0.022,1
cube,021,multi,True,False,48,322,0,0,0,0,0,0.022,1
cube,022,multi,True,False,48,350,0,0,0,0,0,0.022,1
cube,100,multi,True,False,48,320,0,0,0,0,0,0.021,1
cube,101,multi,True,False,48,302,0,0,0,0,0,0.023,1
cube,102,multi,True,False,48,290,0,0,0,0,0,0.022,1
cube,110,multi,True,False,48,244,0,0,0,0,0,0.021,1
cube,112,multi,True,False,48,252,0,0,0,0,0,0.022,1
cube,120,multi,True,False,48,312,0,0,0,0,0,0.021,1
cube,121,multi,True,False,48,244,0,0,0,0,0,0.022,1
cube,122,multi,True,False,48,310,0,0,0,0,0,0.022,1
cube,200,multi,True,False,48,368,0,0,0,0,0,0.024,1
cube,201,multi,True,False,48,334,0,0,0,0,0,0.021,1
cube,202,multi,True,False,48,328,0,0,0,0,0,0.022,1
cube,210,multi,True,False,48,310,0,0,0,0,0,0.022,1
cube,211,multi,True,False,48,250,0,0,0,0,0,0.022,1
cube,212,multi,True,False,48,310,0,0,0,0,0,0.021,1
cube,220,multi,True,False,48,340,0,0,0,0,0,0.023,1
cube,221,multi,True,False,48,316,0,0,0,0,0,0.023,1
cube,222,multi,True,False,48,354,0,0,0,0,0,0.022,1
twoSpheres,000,multi,True,False,96,786,0,0,0,0,0,0.053,1
twoSpheres,001,multi,True,False,96,736,0,0,0,0,0,0.046,1
twoSpheres,002,multi,True,False,96,720,0,0,0,0,0,0.048,1
twoSpheres,010,multi,True,False,96,710,0,0,0,0,0,0.049,1
twoSpheres,011,multi,True,False,96,566,0,0,0,0,0,0.048,1
twoSpheres,012,multi,True,False,96,680,0,0,0,0,0,0.049,1
twoSpheres,020,multi,True,False,96,728,0,0,0,0,0,0.048,1
twoSpheres,021,multi,True,False,96,722,0,0,0,0,0,0.048,1
twoSpheres,022,multi,True,False,96,758,0,0,0,0,0,0.051,1
twoSpheres,100,multi,True,False,96,662,0,0,0,0,0,0.047,1
twoSpheres,101,multi,True,False,96,706,0,0,0,0,0,0.053,1
twoSpheres,102,multi,True,False,96,722,0,0,0,0,0,0.047,1
twoSpheres,110,multi,True,False,96,630,0,0,0,0,0,0.054,1
twoSpheres,112,multi,True,False,96,576,0,0,0,0,0,0.048,1
twoSpheres,120,multi,True,False,96,782,0,0,0,0,0,0.046,1
twoSpheres,121,multi,True,False,96,620,0,0,0,0,0,0.046,1
twoSpheres,122,multi,True,False,96,754,0,0,0,0,0,0.047,1
twoSpheres,200,multi,True,False,96,790,0,0,0,0,0,0.052,1
twoSpheres,201,multi,True,False,96,692,0,0,0,0,0,0.046,1
twoSpheres,202,multi,True,False,96,720,0,0,0,0,0,0.048,1
twoSpheres,210,multi,True,False,96,688,0,0,0,0,0,0.048,1
twoSpheres,211,multi,True,False,96,646,0,0,0,0,0,0.049,1
twoSpheres,212,multi,True,False,96,654,0,0,0,0,0,0.053,1
twoSpheres,220,multi,True,False,96,730,0,0,0,0,0,0.047,1
twoSpheres,221,multi,True,False,96,706,0,0,0,0,0,0.046,1
twoSpheres,222,multi,True,False,96,768,0,0,0,0,0,0.052,1
boxes,000,multi,True,False,272,1858,0,0,0,0,0,0.095,1
boxes,001,multi,True,False,272,1820,0,0,0,0,0,0.084,1
boxes,002,multi,True,False,272,1800,0,0,0,0,0,0.094,1
boxes,010,multi,True,False,272,1746,0,0,0,0,0,0.089,1
boxes,011,multi,True,False,272,1566,0,0,0,0,0,0.069,1
boxes,012,multi,True,False,272,1650,0,0,0,0,0,0.094,1
boxes,020,multi,True,False,272,2092,0,0,0,0,0,0.176,1
boxes,021,multi,True,False,272,1804,0,0,0,0,0,0.103,1
boxes,022,multi,True,False,272,1924,0,0,0,0,0,0.155,1
boxes,100,multi,True,False,272,1968,0,0,0,0,0,0.098,1
boxes,101,multi,True,False,272,1884,0,0,0,0,0,0.079,1
boxes,102,multi,True,False,1088,5928,0,0,0,0,0,0.298,2
boxes,110,multi,True,False,272,1630,0,0,0,0,0,0.072,1
boxes,112,multi,True,False,272,1632,0,0,0,0,0,0.071,1
boxes,120,multi,True,False,272,1882,0,0,0,0,0,0.106,1
boxes,121,multi,True,False,272,1856,0,0,0,0,0,0.079,1
boxes,122,multi,True,False,272,2056,0,0,0,0,0,0.111,1
boxes,200,multi,True,False,272,1808,0,0,0,0,0,0.092,1
boxes,201,multi,True,False,272,1822,0,0,0,0,0,0.082,1
boxes,202,multi,True,False,272,1838,0,0,0,0,0,0.092,1
boxes,210,multi,True,False,272,1798,0,0,0,0,0,0.097,1
boxes,211,multi,True,False,272,1590,0,0,0,0,0,0.071,1
boxes,212,multi,True,False,272,1790,0,0,0,0,0,0.09,1
boxes,220,multi,True,False,272,2050,0,0,0,0,0,0.143,1
boxes,221,multi,True,False,272,1784,0,0,0,0,0,0.106,1
boxes,222,multi,True,False,272,1748,0,0,0,0,0,0.121,1
Pentagon,000,multi,True,False,144,1090,0,0,0,0,0,0.059,1
Pentagon,001,multi,True,False,144,1016,0,0,0,0,0,0.056,1
Pentagon,002,multi,True,False,144,1102,0,0,0,0,0,0.067,1
Pentagon,010,multi,True,False,144,1090,0,0,0,0,0,0.063,1
Pentagon,011,multi,True,False,144,1024,0,0,0,0,0,0.059,1
Pentagon,012,multi,True,False,144,1004,0,0,0,0,0,0.061,1
Pentagon,020,multi,True,False,144,982,0,0,0,0,0,0.047,1
Pentagon,021,multi,True,False,144,1014,0,0,0,0,0,0.056,1
Pentagon,022,multi,True,False,144,882,0,0,0,0,0,0.048,1
Pentagon,100,multi,True,False,144,1124,0,0,0,0,0,0.057,1
Pentagon,101,multi,True,False,144,1130,0,0,0,0,0,0.056,1
Pentagon,102,multi,True,False,144,1058,0,0,0,0,0,0.06,1
Pentagon,110,multi,True,False,144,864,0,0,0,0,0,0.046,1
Pentagon,112,multi,True,False,144,880,0,0,0,0,0,0.049,1
Pentagon,120,multi,True,False,144,986,0,0,0,0,0,0.052,1
Pentagon,121,multi,True,False,144,990,0,0,0,0,0,0.05,1
Pentagon,122,multi,True,False,144,968,0,0,0,0,0,0.052,1
Pentagon,200,multi,True,False,144,1014,0,0,0,0,0,0.06,1
Pentagon,201,multi,True,False,144,1058,0,0,0,0,0,0.052,1
Pentagon,202,multi,True,False,144,1002,0,0,0,0,0,0.056,1
Pentagon,210,multi,True,False,144,1090,0,0,0,0,0,0.064,1
Pentagon,211,multi,True,False,144,1084,0,0,0,0,0,0.065,1
Pentagon,212,multi,True,False,144,1050,0,0,0,0,0,0.06,1
Pentagon,220,multi,True,False,144,1144,0,0,0,0,0,0.061,1
Pentagon,221,multi,True,False,144,1162,0,0,0,0,0,0.071,1
Pentagon,222,multi,True,False,144,986,0,0,0,0,0,0.057,1
Hexagon,000,multi,True,False,168,1444,0,0,0,0,0,0.074,1
Hexagon,001,multi,True,False,168,1160,0,0,0,0,0,0.072,1
Hexagon,002,multi,True,False,168,1448,0,0,0,0,0,0.082,1
Hexagon,010,multi,True,False,168,1382,0,0,0,0,0,0.066,1
Hexagon,011,multi,True,False,168,1232,0,0,0,0,0,0.064,1
Hexagon,012,multi,True,False,168,1304,0,0,0,0,0,0.072,1
Hexagon,020,multi,True,False,168,1154,0,0,0,0,0,0.068,1
Hexagon,021,multi,True,False,168,1050,0,0,0,0,0,0.061,1
Hexagon,022,multi,True,False,168,1220,0,0,0,0,0,0.07,1
Hexagon,100,multi,True,False,168,1300,0,0,0,0,0,0.062,1
Hexagon,101,multi,True,False,168,1372,0,0,0,0,0,0.07,1
Hexagon,102,multi,True,False,168,1308,0,0,0,0,0,0.085,1
Hexagon,110,multi,True,False,168,944,0,0,0,0,0,0.052,1
Hexagon,112,multi,True,False,168,946,0,0,0,0,0,0.054,1
Hexagon,120,multi,True,False,168,1146,0,0,0,0,0,0.053,1
Hexagon,121,multi,True,False,168,1150,0,0,0,0,0,0.058,1
Hexagon,122,multi,True,False,168,1106,0,0,0,0,0,0.054,1
Hexagon,200,multi,True,False,168,1046,0,0,0,0,0,0.061,1
Hexagon,201,multi,True,False,168,1238,0,0,0,0,0,0.064,1
Hexagon,202,multi,True,False,168,1278,0,0,0,0,0,0.058,1
Hexagon,210,multi,True,False,168,1342,0,0,0,0,0,0.079,1
Hexagon,211,multi,True,False,168,1254,0,0,0,0,0,0.062,1
Hexagon,212,multi,True,False,168,1400,0,0,0,0,0,0.076,1
Hexagon,220,multi,True,False,168,1248,0,0,0,0,0,0.067,1
Hexagon,221,multi,True,False,168,1124,0,0,0,0,0,0.068,1
Hexagon,222,multi,True,False,168,1180,0,0,0,0,0,0.063,1
ribbon_open,000,multi,True,True,608,2988,0,0,0,0,0,0.243,1
ribbon_open,001,multi,True,True,608,2942,0,0,0,0,0,0.251,1
ribbon_open,002,multi,True,True,608,3326,0,0,0,0,0,0.261,1
ribbon_open,010,multi,True,True,608,3014,0,0,0,0,0,0.231,1
ribbon_open,011,multi,True,True,608,3284,0,0,0,0,0,0.24,1
ribbon_open,012,multi,True,True,608,2782,0,0,0,0,0,0.25,1
ribbon_open,020,multi,True,True,608,3144,0,0,0,0,0,0.236,1
ribbon_open,021,multi,True,True,608,2846,0,0,0,0,0,0.26,1
ribbon_open,022,multi,True,True,608,3044,0,0,0,0,0,0.243,1
ribbon_open,100,multi,True,True,608,2858,0,0,0,0,0,0.257,1
ribbon_open,101,multi,True,True,608,2982,0,0,0,0,0,0.243,1
ribbon_open,102,multi,True,True,608,2824,0,0,0,0,0,0.225,1
ribbon_open,110,multi,True,True,608,3238,0,0,0,0,0,0.241,1
ribbon_open,112,multi,True,True,608,3000,0,0,0,0,0,0.246,1
ribbon_open,120,multi,True,True,608,3046,0,0,0,0,0,0.244,1
ribbon_open,121,multi,True,True,608,3274,0,0,0,0,0,0.232,1
ribbon_open,122,multi,True,True,608,2738,0,0,0,0,0,0.246,1
ribbon_open,200,multi,True,True,608,3274,0,0,0,0,0,0.252,1
ribbon_open,201,multi,True,True,608,3098,0,0,0,0,0,0.235,1
ribbon_open,202,multi,True,True,608,2824,0,0,0,0,0,0.255,1
ribbon_open,210,multi,True,True,608,3258,0,0,0,0,0,0.243,1
ribbon_open,211,multi,True,True,608,2848,0,0,0,0,0,0.26,1
ribbon_open,212,multi,True,True,608,3484,0,0,0,0,0,0.24,1
ribbon_open,220,multi,True,True,608,3110,0,0,0,0,0,0.233,1
ribbon_open,221,multi,True,True,608,3455,0,0,0,4,0,0.252,1
ribbon_open,222,multi,True,True,608,3020,0,0,0,0,0,0.242,1
tent,000,multi,True,True,72,258,0,0,0,0,0,0.018,1
tent,001,multi,True,True,72,363,0,0,0,0,0,0.042,1
tent,002,multi,True,True,72,304,0,0,0,0,0,0.024,1
tent,010,multi,True,True,72,268,0,0,0,0,0,0.018,1
tent,011,multi,True,True,72,384,0,0,0,0,0,0.026,1
tent,012,multi,True,True,72,274,0,0,0,0,0,0.02,1
tent,020,multi,True,True,72,296,0,0,0,0,0,0.018,1
tent,021,multi,True,True,288,976,0,0,0,0,0,0.081,2
tent,022,multi,True,True,72,272,0,0,0,0,0,0.018,1
tent,100,multi,True,True,72,266,0,0,0,0,0,0.018,1
tent,101,multi,True,True,72,379,0,0,0,0,0,0.041,1
tent,102,multi,True,True,72,238,0,0,0,0,0,0.018,1
tent,110,multi,True,True,72,242,0,0,0,0,0,0.018,1
tent,112,multi,True,True,72,234,0,0,0,0,0,0.018,1
tent,120,multi,True,True,72,250,0,0,0,0,0,0.018,1
tent,121,multi,True,True,72,407,0,0,0,0,0,0.038,1
tent,122,multi,True,True,72,230,0,0,0,0,0,0.017,1
tent,200,multi,True,True,72,270,0,0,0,0,0,0.02,1
tent,201,multi,True,True,1152,2004,0,0,0,0,0,0.324,3
tent,202,multi,True,True,72,252,0,0,0,0,0,0.017,1
tent,210,multi,True,True,72,280,0,0,0,0,0,0.018,1
tent,211,multi,True,True,72,502,0,0,0,0,0,0.05,1
tent,212,multi,True,True,72,278,0,0,0,0,0,0.018,1
tent,220,multi,True,True,72,305,0,0,0,0,0,0.022,1
tent,221,multi,True,True,72,421,0,0,0,0,0,0.045,1
tent,222,multi,True,True,72,262,0,0,0,0,0,0.018,1
bump,000,multi,True,True,128,652,0,0,0,2,0,0.046,1
bump,001,multi,True,True,128,506,0,0,0,0,0,0.026,1
bump,002,multi,True,True,128,688,0,0,0,2,0,0.043,1
bump,010,multi,True,True,128,736,0,0,0,0,0,0.046,1
bump,011,multi,True,True,128,638,0,0,0,0,0,0.045,1
bump,012,multi,True,True,128,528,0,0,0,0,0,0.045,1
bump,020,multi,True,True,128,594,0,0,0,0,0,0.039,1
bump,021,multi,True,True,128,546,0,0,0,0,0,0.027,1
bump,022,multi,True,True,128,616,0,0,0,0,0,0.045,1
bump,100,multi,True,True,128,492,0,0,0,0,0,0.026,1
bump,101,multi,True,True,128,462,0,0,0,0,0,0.027,1
bump,102,multi,True,True,128,548,0,0,0,0,0,0.026,1
bump,110,multi,True,True,128,800,0,0,0,2,0,0.053,1
bump,112,multi,True,True,128,640,0,0,0,0,0,0.045,1
bump,120,multi,True,True,128,536,0,0,0,0,0,0.026,1
bump,121,multi,True,True,128,526,0,0,0,0,0,0.026,1
bump,122,multi,True,True,128,564,0,0,0,0,0,0.026,1
bump,200,multi,True,True,128,734,0,0,0,2,0,0.046,1
bump,201,multi,True,True,128,506,0,0,0,0,0,0.026,1
bump,202,multi,True,True,128,618,0,0,0,2,0,0.046,1
bump,210,multi,True,True,128,550,0,0,0,0,0,0.043,1
bump,211,multi,True,True,128,784,0,0,0,2,0,0.049,1
bump,212,multi,True,True,128,542,0,0,0,0,0,0.044,1
bump,220,multi,True,True,128,568,0,0,0,0,0,0.041,1
bump,221,multi,True,True,128,540,0,0,0,0,0,0.026,1
bump,222,multi,True,True,128,636,0,0,0,0,0,0.039,1
pipes,000,multi,True,True,192,1262,0,0,0,0,0,0.128,1
pipes,001,multi,True,True,192,1248,0,0,0,0,0,0.107,1
pipes,002,multi,True,True,192,1306,0,0,0,0,0,0.136,1
pipes,010,multi,True,True,192,1192,0,0,0,0,0,0.105,1
pipes,011,multi,True,True,192,978,0,0,0,0,0,0.077,1
pipes,012,multi,True,True,192,1240,0,0,0,0,0,0.109,1
pipes,020,multi,True,True,192,1264,0,0,0,0,0,0.132,1
pipes,021,multi,True,True,192,1208,0,0,0,0,0,0.109,1
pipes,022,multi,True,True,192,1320,0,0,0,0,0,0.133,1
pipes,100,multi,True,True,192,1276,0,0,0,0,0,0.11,1
pipes,101,multi,True,True,192,944,0,0,0,0,0,0.072,1
pipes,102,multi,True,True,192,1220,0,0,0,0,0,0.118,1
pipes,110,multi,True,True,192,958,0,0,0,0,0,0.07,1
pipes,112,multi,True,True,768,3230,0,0,0,0,0,0.24,2
pipes,120,multi,True,True,192,1186,0,0,0,0,0,0.109,1
pipes,121,multi,True,True,192,960,0,0,0,0,0,0.068,1
pipes,122,multi,True,True,192,1232,0,0,0,0,0,0.108,1
pipes,200,multi,True,True,192,1292,0,0,0,0,0,0.129,1
pipes,201,multi,True,True,192,1204,0,0,0,0,0,0.11,1
pipes,202,multi,True,True,192,1294,0,0,0,0,0,0.132,1
pipes,210,multi,True,True,192,1174,0,0,0,0,0,0.108,1
pipes,211,multi,True,True,192,970,0,0,0,0,0,0.07,1
pipes,212,multi,True,True,192,1270,0,0,0,0,0,0.11,1
pipes,220,multi,True,True,192,1230,0,0,0,0,0,0.143,1
pipes,221,multi,True,True,192,1270,0,0,0,0,0,0.108,1
pipes,222,multi,True,True,192,1278,0,0,0,0,0,0.135,1
helmet,000,multi,True,True,464,1981,0,0,0,2,0,0.13,1
helmet,001,multi,True,True,464,2496,0,0,0,8,0,0.209,1
helmet,002,multi,True,True,464,2103,0,0,0,2,0,0.132,1
helmet,010,multi,True,True,464,2142,0,0,0,0,0,0.141,1
helmet,011,multi,True,True,464,2114,0,0,0,0,0,0.143,1
helmet,012,multi,True,True,464,2170,0,0,0,0,0,0.137,1
helmet,020,multi,True,True,464,1934,0,0,0,1,0,0.109,1
helmet,021,multi,True,True,464,2048,0,0,2,4,0,0.093,1
helmet,022,multi,True,True,464,1927,1,0,0,1,0,0.112,1
helmet,100,multi,True,True,464,1782,0,0,0,0,0,0.098,1
helmet,101,multi,True,True,464,1789,0,0,0,0,0,0.117,1
helmet,102,multi,True,True,464,1922,0,0,0,0,0,0.1,1
helmet,110,multi,True,True,464,2054,0,0,0,0,0,0.089,1
helmet,112,multi,True,True,464,2062,0,0,0,0,0,0.093,1
helmet,120,multi,True,True,464,1764,0,0,0,0,0,0.078,1
helmet,121,multi,True,True,464,1690,0,0,0,0,0,0.065,1
helmet,122,multi,True,True,464,1848,0,0,0,0,0,0.078,1
helmet,200,multi,True,True,464,2127,0,0,0,2,0,0.136,1
helmet,201,multi,True,True,464,2406,0,0,0,8,0,0.215,1
helmet,202,multi,True,True,464,1959,0,0,0,2,0,0.127,1
helmet,210,multi,True,True,464,2164,0,0,0,0,0,0.129,1
helmet,211,multi,True,True,464,1998,0,0,0,0,0,0.15,1
helmet,212,multi,True,True,464,2198,0,0,0,0,0,0.133,1
helmet,220,multi,True,True,464,1853,1,0,0,1,0,0.11,1
helmet,221,multi,True,True,464,2008,0,0,2,4,0,0.151,1
helmet,222,multi,True,True,464,1936,0,0,0,1,0,0.105,1
pawn_open,000,multi,True,True,4704,5944,0,0,0,0,0,0.72,1
pawn_open,001,multi,True,True,4704,5878,0,0,0,0,0,0.846,1
pawn_open,002,multi,True,True,4704,5926,0,0,0,0,0,0.713,1
pawn_open,010,multi,True,True,4704,5272,0,0,0,0,0,0.484,1
pawn_open,011,multi,True,True,4704,5284,0,0,0,0,0,0.483,1
pawn_open,012,multi,True,True,4704,5306,0,0,0,0,0,0.472,1
pawn_open,020,multi,True,True,4704,6372,0,0,0,0,0,0.881,1
pawn_open,021,multi,True,True,4704,6414,0,0,0,0,0,0.959,1
pawn_open,022,multi,True,True,4704,6468,0,0,0,0,0,0.911,1
pawn_open,100,multi,True,True,4704,6082,0,0,0,0,0,0.805,1
pawn_open,101,multi,True,True,4704,5986,0,0,0,0,0,0.718,1
pawn_open,102,multi,True,True,4704,6046,0,0,0,0,0,0.818,1
pawn_open,110,multi,True,True,4704,5224,0,0,0,0,0,0.465,1
pawn_open,112,multi,True,True,4704,5304,0,0,0,0,0,0.47,1
pawn_open,120,multi,True,True,4704,6418,0,0,0,0,0,0.913,1
pawn_open,121,multi,True,True,4704,6516,0,0,0,0,0,0.938,1
pawn_open,122,multi,True,True,4704,6428,0,0,0,0,0,0.933,1
pawn_open,200,multi,True,True,4704,5984,0,0,2,0,0,0.699,1
pawn_open,201,multi,True,True,4704,5940,0,0,0,0,0,0.776,1
pawn_open,202,multi,True,True,4704,6122,0,0,2,0,0,0.727,1
pawn_open,210,multi,True,True,4704,5268,0,0,0,0,0,0.461,1
pawn_open,211,multi,True,True,4704,5414,0,0,0,0,0,0.48,1
pawn_open,212,multi,True,True,4704,5340,0,0,0,0,0,0.486,1
pawn_open,220,multi,True,True,4704,6426,0,0,0,0,0,0.887,1
pawn_open,221,multi,True,True,4704,6448,0,0,0,0,0,0.932,1
pawn_open,222,multi,True,True,4704,6448,0,0,0,0,0,0.861,1
rook_open,000,multi,True,True,6128,11490,0,1,5,0,0,1.536,1
rook_open,001,multi,True,True,24512,16978,0,0,1,8,0,4.905,2
rook_open,002,multi,True,True,6128,11078,0,0,2,0,0,1.619,1
rook_open,010,multi,True,True,6128,10708,0,0,0,8,0,1.508,1
rook_open,011,multi,True,True,6128,10320,0,0,1,6,2,1.449,1
rook_open,012,multi,True,True,6128,10476,0,0,1,6,0,1.477,1
rook_open,020,multi,True,True,6128,11234,0,0,3,6,0,1.742,1
rook_open,021,multi,True,True,6128,11402,0,0,1,0,0,1.745,1
rook_open,022,multi,True,True,6128,11370,0,0,3,4,0,1.635,1
rook_open,100,multi,True,True,6128,11222,0,0,4,12,0,1.567,1
rook_open,101,multi,True,True,24512,15640,0,0,0,8,0,4.399,2
rook_open,102,multi,True,True,6128,11104,0,0,0,16,0,1.658,1
rook_open,110,multi,True,True,24512,15948,0,0,2,4,0,3.439,2
rook_open,112,multi,True,True,6128,10708,0,0,2,8,0,1.436,1
rook_open,120,multi,True,True,6128,11684,0,0,0,0,0,1.735,1
rook_open,121,multi,True,True,6128,9618,0,0,0,0,0,1.437,1
rook_open,122,multi,True,True,6128,11488,0,0,0,0,0,1.634,1
rook_open,200,multi,True,True,6128,11188,0,0,4,0,0,1.495,1
rook_open,201,multi,True,True,6128,11318,0,0,1,12,0,1.626,1
rook_open,202,multi,True,True,6128,11194,0,0,4,0,0,1.653,1
rook_open,210,multi,True,True,6128,10574,0,0,0,6,0,1.374,1
rook_open,211,multi,True,True,6128,10594,0,0,1,4,0,1.545,1
rook_open,212,multi,True,True,24512,15730,0,0,0,4,0,4.046,2
rook_open,220,multi,True,True,6128,11190,0,0,3,6,0,1.666,1
rook_open,221,multi,True,True,6128,11398,0,0,2,0,0,1.814,1
rook_open,222,multi,True,True,6128,10966,0,0,3,4,0,1.646,1
bishop_open,000,multi,True,True,29920,11578,0,0,2,0,0,3.332,2
bishop_open,001,multi,True,True,29920,11848,2,0,4,4,0,3.198,2
bishop_open,002,multi,True,True,7480,7652,0,0,2,2,0,1.454,1
bishop_open,010,multi,True,True,29920,9916,0,0,4,4,1,2.722,2
bishop_open,011,multi,True,True,29920,10396,0,0,4,4,4,3.396,2
bishop_open,012,multi,True,True,7480,7000,0,0,0,4,0,0.97,1
bishop_open,020,multi,True,True,7480,7860,0,0,2,4,0,1.48,1
bishop_open,021,multi,True,True,29920,11808,0,3,2,4,0,4.84,2
bishop_open,022,multi,True,True,7480,7908,0,0,2,4,0,1.443,1
bishop_open,100,multi,True,True,7480,7902,0,0,0,4,0,1.391,1
bishop_open,101,multi,True,True,7480,7198,0,0,0,0,0,1.345,1
bishop_open,102,multi,True,True,7480,7558,0,0,1,4,0,1.417,1
bishop_open,110,multi,True,True,29920,9332,0,0,2,4,0,2.497,2
bishop_open,112,multi,True,True,7480,6742,0,0,2,6,0,1.055,1
bishop_open,120,multi,True,True,7480,7664,0,0,1,4,0,1.68,1
bishop_open,121,multi,True,True,29920,11030,0,0,0,0,0,4.141,2
bishop_open,122,multi,True,True,29920,11484,0,0,2,4,0,4.619,2
bishop_open,200,multi,True,True,7480,7664,0,0,0,0,0,1.227,1
bishop_open,201,multi,True,True,29920,11540,2,0,2,4,0,3.463,2
bishop_open,202,multi,True,True,7480,7436,0,0,0,0,0,1.352,1
bishop_open,210,multi,True,True,7480,6730,0,0,0,4,0,1.001,1
bishop_open,211,multi,True,True,29920,10056,0,0,4,4,4,3.2,2
bishop_open,212,multi,True,True,7480,7016,0,0,1,4,0,1.018,1
bishop_open,220,multi,True,True,7480,8112,0,0,2,8,0,1.536,1
bishop_open,221,multi,True,True,29920,11802,0,0,2,4,0,3.592,2
bishop_open,222,multi,True,True,7480,8020,0,0,4,8,0,1.735,1
pig_quad_controlmesh,000,multi,True,False,3048,7826,0,0,0,2,0,1.096,1
pig_quad_controlmesh,001,multi,True,False,3048,8484,0,0,0,0,1,1.148,1
pig_quad_controlmesh,002,multi,True,False,3048,8068,0,0,1,2,0,1.156,1
pig_quad_controlmesh,010,multi,True,False,3048,7692,0,0,1,0,0,1.164,1
pig_quad_controlmesh,011,multi,True,False,3048,8194,0,0,0,0,0,1.308,1
pig_quad_controlmesh,012,multi,True,False,3048,7968,0,0,3,0,0,1.156,1
pig_quad_controlmesh,020,multi,True,False,3048,8250,0,0,0,4,0,1.179,1
pig_quad_controlmesh,021,multi,True,False,3048,8370,0,0,0,6,0,1.264,1
pig_quad_controlmesh,022,multi,True,False,3048,8070,0,0,0,2,0,1.244,1
pig_quad_controlmesh,100,multi,True,False,3048,8408,0,0,0,0,0,1.256,1
pig_quad_controlmesh,101,multi,True,False,12192,16274,0,0,2,4,0,3.544,2
pig_quad_controlmesh,102,multi,True,False,3048,8236,0,0,2,0,0,1.125,1
pig_quad_controlmesh,110,multi,True,False,12192,14284,0,0,0,0,0,3.152,2
pig_quad_controlmesh,112,multi,True,False,3048,7270,0,0,0,4,0,1.009,1
pig_quad_controlmesh,120,multi,True,False,3048,8466,0,0,0,0,0,1.116,1
pig_quad_controlmesh,121,multi,True,False,3048,8306,0,0,0,4,0,1.216,1
pig_quad_controlmesh,122,multi,True,False,3048,7228,4,0,0,0,0,1.201,1
pig_quad_controlmesh,200,multi,True,False,3048,8234,0,0,0,0,0,1.181,1
pig_quad_controlmesh,201,multi,True,False,3048,8482,0,0,0,0,1,1.17,1
pig_quad_controlmesh,202,multi,True,False,3048,8330,0,0,0,2,0,1.203,1
pig_quad_controlmesh,210,multi,True,False,3048,8172,0,0,2,0,0,1.233,1
pig_quad_controlmesh,211,multi,True,False,3048,8280,0,0,0,4,1,1.254,1
pig_quad_controlmesh,212,multi,True,False,3048,8058,0,0,2,0,0,1.198,1
pig_quad_controlmesh,220,multi,True,False,3048,8164,0,0,0,4,0,1.281,1
pig_quad_controlmesh,221,multi,True,False,12192,15512,0,0,2,0,0,3.004,2
pig_quad_controlmesh,222,multi,True,False,3048,8318,0,0,0,2,0,1.223,1
bob_controlmesh,000,multi,True,False,2672,8700,0,0,0,0,0,0.484,1
bob_controlmesh,001,multi,True,False,2672,8192,0,0,0,0,0,0.52,1
bob_controlmesh,002,multi,True,False,2672,8610,0,0,0,0,0,0.504,1
bob_controlmesh,010,multi,True,False,2672,8194,0,0,0,0,0,0.509,1
bob_controlmesh,011,multi,True,False,2672,8132,0,0,0,0,0,0.489,1
bob_controlmesh,012,multi,True,False,2672,8080,0,0,0,0,0,0.482,1
bob_controlmesh,020,multi,True,False,2672,8552,0,0,0,0,0,0.515,1
bob_controlmesh,021,multi,True,False,2672,8494,0,0,0,0,0,0.469,1
bob_controlmesh,022,multi,True,False,2672,8060,0,0,0,0,0,0.477,1
bob_controlmesh,100,multi,True,False,10688,16592,0,0,2,0,0,1.623,2
bob_controlmesh,101,multi,True,False,2672,7948,0,0,0,0,0,0.454,1
bob_controlmesh,102,multi,True,False,2672,8450,0,0,0,0,0,0.511,1
bob_controlmesh,110,multi,True,False,2672,8016,0,0,0,0,0,0.54,1
bob_controlmesh,112,multi,True,False,2672,7510,0,0,0,0,0,0.477,1
bob_controlmesh,120,multi,True,False,2672,8216,0,0,0,0,0,0.508,1
bob_controlmesh,121,multi,True,False,2672,7610,0,0,0,4,0,0.498,1
bob_controlmesh,122,multi,True,False,2672,8484,0,0,0,0,0,0.511,1
bob_controlmesh,200,multi,True,False,2672,8994,0,0,0,0,0,0.473,1
bob_controlmesh,201,multi,True,False,2672,8600,0,0,0,0,0,0.555,1
bob_controlmesh,202,multi,True,False,2672,8540,0,0,0,0,0,0.493,1
bob_controlmesh,210,multi,True,False,2672,8098,0,0,0,0,0,0.483,1
bob_controlmesh,211,multi,True,False,2672,8380,0,0,0,0,0,0.508,1
bob_controlmesh,212,multi,True,False,2672,7928,0,0,0,0,0,0.5,1
bob_controlmesh,220,multi,True,False,2672,8548,0,0,0,0,0,0.522,1
bob_controlmesh,221,multi,True,False,2672,8878,0,0,0,0,0,0.485,1
bob_controlmesh,222,multi,True,False,2672,8102,0,0,0,0,0,0.516,1
bob_quad,000,multi,True,False,42752,25108,0,0,0,0,0,2.904,1
bob_quad,001,multi,True,False,42752,24814,0,0,0,0,0,2.893,1
bob_quad,002,multi,True,False,42752,25310,0,0,0,0,0,3.012,1
bob_quad,010,multi,True,False,42752,22776,0,0,0,2,0,2.962,1
bob_quad,011,multi,True,False,42752,23006,0,0,0,0,0,2.569,1
bob_quad,012,multi,True,False,42752,22946,0,0,0,0,0,3.298,1
bob_quad,020,multi,True,False,42752,24996,0,0,0,0,0,2.897,1
bob_quad,021,multi,True,False,42752,24444,0,0,0,0,0,2.766,1
bob_quad,022,multi,True,False,42752,23692,0,0,0,0,0,2.853,1
bob_quad,100,multi,True,False,42752,26196,0,0,0,0,0,3.097,1
bob_quad,101,multi,True,False,42752,25758,0,0,0,0,0,2.575,1
bob_quad,102,multi,True,False,42752,25214,0,0,0,0,0,2.65,1
bob_quad,110,multi,True,False,42752,22048,0,0,0,0,0,3.087,1
bob_quad,112,multi,True,False,42752,22070,0,0,1,4,0,2.926,1
bob_quad,120,multi,True,False,42752,24674,0,0,0,0,0,2.664,1
bob_quad,121,multi,True,False,42752,25738,0,0,0,4,0,2.631,1
bob_quad,122,multi,True,False,42752,24536,0,0,0,0,0,3.077,1
bob_quad,200,multi,True,False,42752,25068,0,0,0,0,0,2.746,1
bob_quad,201,multi,True,False,42752,25122,0,0,0,0,0,2.716,1
bob_quad,202,multi,True,False,42752,25350,0,0,0,0,0,2.929,1
bob_quad,210,multi,True,False,42752,22820,0,0,0,2,0,3.104,1
bob_quad,211,multi,True,False,42752,24552,0,0,0,0,0,2.943,1
bob_quad,212,multi,True,False,42752,23058,0,0,0,0,0,2.901,1
bob_quad,220,multi,True,False,42752,25680,0,0,0,0,0,2.971,1
bob_quad,221,multi,True,False,42752,24418,0,0,0,0,0,2.817,1
bob_quad,222,multi,True,False,42752,23994,0,0,0,0,0,2.954,1
blub_quadrangulated,000,multi,True,False,56832,22784,0,0,0,0,0,3.055,1
blub_quadrangulated,001,multi,True,False,56832,24210,0,0,0,0,0,3.312,1
blub_quadrangulated,002,multi,True,False,56832,24174,0,0,0,0,0,3.543,1
blub_quadrangulated,010,multi,True,False,56832,22420,0,0,0,0,0,3.074,1
blub_quadrangulated,011,multi,True,False,56832,24962,0,0,0,0,0,3.0,1
blub_quadrangulated,012,multi,True,False,56832,25720,0,0,0,0,0,3.515,1
blub_quadrangulated,020,multi,True,False,56832,21974,0,0,0,0,0,3.407,1
blub_quadrangulated,021,multi,True,False,56832,24194,0,0,0,0,0,3.221,1
blub_quadrangulated,022,multi,True,False,56832,23444,0,0,0,0,0,3.034,1
blub_quadrangulated,100,multi,True,False,56832,21808,0,0,0,0,0,3.076,1
blub_quadrangulated,101,multi,True,False,56832,22858,0,0,0,0,0,3.326,1
blub_quadrangulated,102,multi,True,False,56832,23512,0,0,0,0,0,3.487,1
blub_quadrangulated,110,multi,True,False,56832,18836,0,0,0,0,0,3.121,1
blub_quadrangulated,112,multi,True,False,56832,18490,0,0,0,0,0,3.065,1
blub_quadrangulated,120,multi,True,False,56832,19294,0,0,0,0,0,3.289,1
blub_quadrangulated,121,multi,True,False,56832,20618,0,0,0,0,0,2.943,1
blub_quadrangulated,122,multi,True,False,56832,20300,0,0,0,0,0,3.5,1
blub_quadrangulated,200,multi,True,False,56832,21922,0,0,0,0,0,3.052,1
blub_quadrangulated,201,multi,True,False,56832,24714,0,0,0,0,0,3.503,1
blub_quadrangulated,202,multi,True,False,56832,24000,0,0,0,0,0,3.4,1
blub_quadrangulated,210,multi,True,False,56832,22516,0,0,0,0,0,3.001,1
blub_quadrangulated,211,multi,True,False,56832,25874,0,0,0,0,0,2.981,1
blub_quadrangulated,212,multi,True,False,56832,25496,0,0,0,0,0,3.54,1
blub_quadrangulated,220,multi,True,False,56832,22504,0,0,0,0,0,3.083,1
blub_quadrangulated,221,multi,True,False,56832,24224,0,0,0,0,0,3.277,1
blub_quadrangulated,222,multi,True,False,56832,23952,0,0,0,0,0,3.201,1
spot_quadrangulated,000,multi,True,False,23424,21346,0,0,0,0,0,2.423,1
spot_quadrangulated,001,multi,True,False,23424,20858,0,0,0,0,0,2.38,1
spot_quadrangulated,002,multi,True,False,23424,20272,0,0,0,0,0,2.118,1
spot_quadrangulated,010,multi,True,False,23424,20984,0,0,0,2,0,2.758,1
spot_quadrangulated,011,multi,True,False,23424,19848,0,0,0,2,0,2.368,1
spot_quadrangulated,012,multi,True,False,23424,20508,0,0,0,0,0,2.515,1
spot_quadrangulated,020,multi,True,False,23424,19776,0,0,0,0,0,2.363,1
spot_quadrangulated,021,multi,True,False,23424,20682,0,0,0,0,0,2.202,1
spot_quadrangulated,022,multi,True,False,23424,20580,0,0,0,0,0,2.325,1
spot_quadrangulated,100,multi,True,False,23424,19990,0,0,2,0,0,2.399,1
spot_quadrangulated,101,multi,True,False,23424,19810,0,0,0,0,0,2.07,1
spot_quadrangulated,102,multi,True,False,23424,19628,0,0,1,0,0,2.259,1
spot_quadrangulated,110,multi,True,False,23424,18790,0,0,2,0,0,2.597,1
spot_quadrangulated,112,multi,True,False,23424,19510,0,0,2,0,0,2.624,1
spot_quadrangulated,120,multi,True,False,23424,18630,0,0,0,0,0,2.345,1
spot_quadrangulated,121,multi,True,False,23424,18884,0,0,2,12,0,2.076,1
spot_quadrangulated,122,multi,True,False,23424,20020,0,0,0,0,0,2.113,1
spot_quadrangulated,200,multi,True,False,23424,20808,0,0,0,0,0,2.336,1
spot_quadrangulated,201,multi,True,False,23424,20138,0,0,0,0,0,2.248,1
spot_quadrangulated,202,multi,True,False,23424,20354,0,0,0,0,0,2.17,1
spot_quadrangulated,210,multi,True,False,23424,21198,0,0,0,2,0,2.653,1
spot_quadrangulated,211,multi,True,False,23424,19594,0,0,0,2,0,2.211,1
spot_quadrangulated,212,multi,True,False,23424,20196,0,0,0,0,0,2.464,1
spot_quadrangulated,220,multi,True,False,23424,20352,0,0,1,0,0,2.403,1
spot_quadrangulated,221,multi,True,False,23424,19884,0,0,0,0,0,2.116,1
spot_quadrangulated,222,multi,True,False,23424,20326,0,0,0,0,0,2.328,1
blub_control_mesh,000,multi,True,False,888,3752,0,0,0,0,0,0.344,1
blub_control_mesh,001,multi,True,False,888,4024,0,0,0,0,0,0.363,1
blub_control_mesh,002,multi,True,False,888,3770,0,0,0,0,0,0.38,1
blub_control_mesh,010,multi,True,False,14208,13674,0,0,0,0,0,2.829,4
blub_control_mesh,011,multi,True,False,3552,8960,0,0,0,0,0,0.854,2
blub_control_mesh,012,multi,True,False,3552,8982,0,0,0,0,0,0.972,2
blub_control_mesh,020,multi,True,False,888,3588,0,0,0,0,0,0.348,1
blub_control_mesh,021,multi,True,False,888,3908,0,0,0,0,0,0.366,1
blub_control_mesh,022,multi,True,False,888,4068,0,0,0,0,0,0.395,1
blub_control_mesh,100,multi,True,False,888,3712,0,0,0,0,0,0.344,1
blub_control_mesh,101,multi,True,False,888,3882,0,0,0,0,0,0.27,1
blub_control_mesh,102,multi,True,False,888,4278,0,0,0,0,0,0.334,1
blub_control_mesh,110,multi,True,False,888,3244,0,0,1,0,0,0.332,1
blub_control_mesh,112,multi,True,False,888,3468,0,0,0,0,0,0.35,1
blub_control_mesh,120,multi,True,False,3552,6952,0,0,0,0,0,0.834,2
blub_control_mesh,121,multi,True,False,888,3744,0,0,0,0,0,0.304,1
blub_control_mesh,122,multi,True,False,888,3876,0,0,0,0,0,0.362,1
blub_control_mesh,200,multi,True,False,888,3732,0,0,0,0,0,0.382,1
blub_control_mesh,201,multi,True,False,888,3920,0,0,0,0,0,0.339,1
blub_control_mesh,202,multi,True,False,888,4062,0,0,0,0,0,0.381,1
blub_control_mesh,210,multi,True,False,3552,8043,0,0,0,0,0,0.861,2
blub_control_mesh,211,multi,True,False,888,3730,0,0,0,0,0,0.311,1
blub_control_mesh,212,multi,True,False,888,3776,0,0,0,0,0,0.316,1
blub_control_mesh,220,multi,True,False,888,3440,0,0,0,0,0,0.326,1
blub_control_mesh,221,multi,True,False,888,3800,0,0,0,0,0,0.343,1
blub_control_mesh,222,multi,True,False,888,4060,0,0,0,0,0,0.328,1
spot_control_mesh,000,multi,True,False,1464,6390,0,0,1,0,0,0.589,1
spot_control_mesh,001,multi,True,False,1464,5910,0,0,0,0,0,0.586,1
spot_control_mesh,002,multi,True,False,1464,5628,0,0,0,0,0,0.477,1
spot_control_mesh,010,multi,True,False,5856,11864,0,0,0,2,0,1.629,2
spot_control_mesh,011,multi,True,False,1464,5506,0,0,0,0,0,0.465,1
spot_control_mesh,012,multi,True,False,1464,5516,0,0,0,0,0,0.558,1
spot_control_mesh,020,multi,True,False,1464,5696,0,0,0,0,0,0.573,1
spot_control_mesh,021,multi,True,False,1464,5800,0,0,0,0,0,0.492,1
spot_control_mesh,022,multi,True,False,5856,12126,0,0,0,2,0,1.465,2
spot_control_mesh,100,multi,True,False,1464,5936,0,0,0,0,0,0.529,1
spot_control_mesh,101,multi,True,False,1464,6100,0,0,0,0,0,0.597,1
spot_control_mesh,102,multi,True,False,1464,5636,0,0,0,0,0,0.552,1
spot_control_mesh,110,multi,True,False,1464,5698,0,0,2,0,0,0.566,1
spot_control_mesh,112,multi,True,False,1464,5614,0,0,2,0,0,0.602,1
spot_control_mesh,120,multi,True,False,1464,5504,0,0,2,0,0,0.511,1
spot_control_mesh,121,multi,True,False,1464,5976,0,0,0,4,0,0.503,1
spot_control_mesh,122,multi,True,False,1464,5734,0,0,0,0,0,0.58,1
spot_control_mesh,200,multi,True,False,1464,5972,0,0,0,0,0,0.567,1
spot_control_mesh,201,multi,True,False,1464,5870,0,0,0,0,0,0.578,1
spot_control_mesh,202,multi,True,False,1464,5524,0,0,0,0,0,0.505,1
spot_control_mesh,210,multi,True,False,1464,5796,0,0,0,4,0,0.633,1
spot_control_mesh,211,multi,True,False,1464,5286,0,0,0,0,0,0.482,1
spot_control_mesh,212,multi,True,False,1464,5292,0,0,0,0,0,0.593,1
spot_control_mesh,220,multi,True,False,1464,5536,0,0,0,0,0,0.537,1
spot_control_mesh,221,multi,True,False,1464,5384,0,0,0,0,0,0.531,1
spot_control_mesh,222,multi,True,False,5856,11482,0,0,0,2,0,1.551,2
fertility,000,multi,True,False,26856,34536,0,0,1,0,0,9.784,1
fertility,001,multi,True,False,107424,48662,0,0,0,4,0,35.655,2
fertility,002,multi,True,False,26856,34830,0,0,0,0,0,8.868,1
fertility,010,multi,True,False,26856,39400,0,0,1,0,0,6.618,1
fertility,011,multi,True,False,26856,35390,0,0,1,0,0,8.446,1
fertility,012,multi,True,False,26856,38618,1,0,1,0,0,8.699,1
fertility,020,multi,True,False,26856,38910,0,0,0,0,0,8.362,1
fertility,021,multi,True,False,26856,41870,0,0,0,0,0,8.91,1
fertility,022,multi,True,False,26856,39084,0,0,0,0,0,8.404,1
fertility,100,multi,True,False,26856,38842,0,0,0,0,0,7.523,1
fertility,101,multi,True,False,26856,41684,0,0,0,0,0,7.429,1
fertility,102,multi,True,False,26856,41630,0,0,0,0,0,7.64,1
fertility,110,multi,True,False,26856,37112,0,0,1,0,0,6.16,1
fertility,112,multi,True,False,26856,37160,0,0,0,0,0,7.604,1
fertility,120,multi,True,False,26856,38388,0,0,0,0,0,6.945,1
fertility,121,multi,True,False,429696,70004,0,0,0,2,0,103.04,3
fertility,122,multi,True,False,107424,55282,0,0,1,0,0,24.646,2
fertility,200,multi,True,False,26856,37468,0,0,0,0,0,8.314,1
fertility,201,multi,True,False,26856,39728,0,0,0,0,0,9.058,1
fertility,202,multi,True,False,26856,37574,0,0,0,0,0,7.326,1
fertility,210,multi,True,False,26856,30990,0,0,0,0,0,8.396,1
fertility,211,multi,True,False,107424,40262,0,0,1,0,0,25.598,2
fertility,212,multi,True,False,26856,29490,0,0,0,0,0,7.44,1
fertility,220,multi,True,False,26856,32752,0,0,1,0,0,8.729,1
fertility,221,multi,True,False,26856,31978,0,0,1,2,0,10.528,1
fertility,222,multi,True,False,26856,34122,0,0,1,2,0,8.491,1
bigguy,000,multi,True,False,11600,25786,0,0,1,2,0,3.773,1
bigguy,001,multi,True,False,11600,24684,0,0,5,2,0,4.835,1
bigguy,002,multi,True,False,11600,24328,0,0,2,8,0,4.092,1
bigguy,010,multi,True,False,11600,24696,0,0,1,4,0,3.164,1
bigguy,011,multi,True,False,11600,25438,0,0,0,2,0,3.276,1
bigguy,012,multi,True,False,11600,25456,0,0,2,2,0,3.34,1
bigguy,020,multi,True,False,11600,24438,0,0,0,2,1,3.69,1
bigguy,021,multi,True,False,46400,44424,0,0,1,0,0,12.534,2
bigguy,022,multi,True,False,11600,26606,0,0,5,4,1,4.537,1
bigguy,100,multi,True,False,11600,26338,1,0,2,4,0,4.829,1
bigguy,101,multi,True,False,11600,26312,0,0,1,6,0,4.64,1
bigguy,102,multi,True,False,46400,41030,0,0,2,8,1,14.123,2
bigguy,110,multi,True,False,11600,25258,0,0,1,6,0,3.933,1
bigguy,112,multi,True,False,11600,24820,0,0,4,4,1,3.335,1
bigguy,120,multi,True,False,11600,23908,0,0,1,0,0,2.875,1
bigguy,121,multi,True,False,46400,45796,0,0,3,8,0,14.976,2
bigguy,122,multi,True,False,11600,25794,0,0,7,2,0,4.062,1
bigguy,200,multi,True,False,46400,43028,0,0,0,2,1,11.833,2
bigguy,201,multi,True,False,11600,24078,0,0,2,2,0,4.115,1
bigguy,202,multi,True,False,11600,23990,1,0,0,4,0,3.288,1
bigguy,210,multi,True,False,11600,24714,1,0,2,4,1,3.981,1
bigguy,211,multi,True,False,11600,23036,0,1,2,2,1,3.113,1
bigguy,212,multi,True,False,11600,25112,0,0,1,0,0,3.263,1
bigguy,220,multi,True,False,11600,23464,0,0,1,0,0,3.435,1
bigguy,221,multi,True,False,11600,23966,0,0,4,4,0,3.777,1
bigguy,222,multi,True,False,11600,26192,0,0,1,6,0,3.994,1
monsterfrog,000,multi,True,False,10336,19526,0,0,0,0,0,3.502,1
monsterfrog,001,multi,True,False,10336,20542,0,0,0,0,0,3.651,1
monsterfrog,002,multi,True,False,10336,20772,0,0,0,0,0,3.809,1
monsterfrog,010,multi,True,False,10336,18406,0,0,3,4,1,4.178,1
monsterfrog,011,multi,True,False,10336,19608,0,0,0,0,0,3.293,1
monsterfrog,012,multi,True,False,10336,20174,0,0,2,4,0,3.863,1
monsterfrog,020,multi,True,False,10336,18104,0,0,4,4,0,4.795,1
monsterfrog,021,multi,True,False,41344,31872,0,0,2,4,0,10.911,2
monsterfrog,022,multi,True,False,10336,20078,0,0,1,2,0,3.593,1
monsterfrog,100,multi,True,False,10336,18214,0,1,1,2,0,3.951,1
monsterfrog,101,multi,True,False,10336,21192,0,0,2,4,0,3.249,1
monsterfrog,102,multi,True,False,10336,20990,0,0,2,2,0,4.787,1
monsterfrog,110,multi,True,False,41344,25334,0,0,1,10,0,15.191,2
monsterfrog,112,multi,True,False,165376,48622,0,2,3,6,0,43.255,3
monsterfrog,120,multi,True,False,10336,17802,1,0,8,2,0,5.636,1
monsterfrog,121,multi,True,False,10336,17756,0,0,2,2,0,4.081,1
monsterfrog,122,multi,True,False,10336,19766,2,0,0,4,1,3.528,1
monsterfrog,200,multi,True,False,10336,18746,0,0,0,0,0,3.595,1
monsterfrog,201,multi,True,False,10336,20120,0,0,0,2,0,3.974,1
monsterfrog,202,multi,True,False,10336,20412,0,0,1,0,0,4.093,1
monsterfrog,210,multi,True,False,41344,29630,0,0,0,10,0,12.788,2
monsterfrog,211,multi,True,False,10336,19702,0,0,0,0,0,3.236,1
monsterfrog,212,multi,True,False,10336,20526,0,0,1,6,0,3.821,1
monsterfrog,220,multi,True,False,10336,17368,7,0,3,2,0,5.143,1
monsterfrog,221,multi,True,False,41344,31332,0,0,1,6,0,10.418,2
monsterfrog,222,multi,True,False,10336,19740,1,0,2,4,0,3.818,1
toad_small,000,multi,True,True,10480,19320,0,0,1,6,0,2.11,1
toad_small,001,multi,True,True,41920,33858,0,1,2,2,0,5.326,2
toad_small,002,multi,True,True,10480,19836,0,0,2,6,0,1.889,1
toad_small,010,multi,True,True,10480,19778,0,0,2,4,0,1.919,1
toad_small,011,multi,True,True,41920,34504,0,0,0,12,0,5.485,2
toad_small,012,multi,True,True,10480,22387,2,0,3,13,2,2.392,1
toad_small,020,multi,True,True,10480,21093,1,0,1,6,0,2.306,1
toad_small,021,multi,True,True,41920,36799,0,0,0,11,0,6.126,2
toad_small,022,multi,True,True,167680,55467,0,0,2,4,0,17.508,3
toad_small,100,multi,True,True,10480,19880,0,0,0,4,0,1.655,1
toad_small,101,multi,True,True,10480,19142,0,0,0,6,0,1.91,1
toad_small,102,multi,True,True,41920,40720,0,0,2,4,1,7.264,2
toad_small,110,multi,True,True,10480,23528,0,0,0,2,0,2.103,1
toad_small,112,multi,True,True,10480,24036,0,0,2,3,1,2.223,1
toad_small,120,multi,True,True,10480,22724,0,0,0,1,0,1.843,1
toad_small,121,multi,True,True,167680,62760,0,1,3,8,0,23.054,3
toad_small,122,multi,True,True,10480,23148,0,0,4,10,0,2.492,1
toad_small,200,multi,True,True,41920,34798,0,0,1,0,0,6.099,2
toad_small,201,multi,True,True,41920,34796,0,1,1,6,0,5.459,2
toad_small,202,multi,True,True,10480,21227,0,0,2,6,0,1.958,1
toad_small,210,multi,True,True,41920,35350,0,0,0,0,0,5.729,2
toad_small,211,multi,True,True,41920,33318,0,0,2,7,0,5.368,2
toad_small,212,multi,True,True,10480,22713,0,0,1,4,0,2.086,1
toad_small,220,multi,True,True,10480,20694,0,0,1,2,0,2.121,1
toad_small,221,multi,True,True,10480,21177,0,0,3,6,0,2.314,1
toad_small,222,multi,True,True,10480,21714,0,0,2,2,0,1.959,1
ogre_controlmesh,000,multi,True,False,10540,17710,0,0,6,2,0,3.448,1
ogre_controlmesh,001,multi,True,False,42160,29718,0,0,6,14,0,12.716,2
ogre_controlmesh,002,multi,True,False,10540,18170,0,0,1,0,1,4.481,1
ogre_controlmesh,010,multi,True,False,10540,18412,0,0,4,8,0,3.712,1
ogre_controlmesh,011,multi,True,False,10540,17666,0,0,2,16,0,3.694,1
ogre_controlmesh,012,multi,True,False,42160,30060,0,0,1,0,0,12.054,2
ogre_controlmesh,020,multi,True,False,10540,17692,0,0,6,0,0,3.781,1
ogre_controlmesh,021,multi,True,False,10540,17722,0,0,2,7,0,3.632,1
ogre_controlmesh,022,multi,True,False,10540,18142,4,1,4,4,0,3.973,1
ogre_controlmesh,100,multi,True,False,10540,17000,8,0,2,4,0,4.345,1
ogre_controlmesh,101,multi,True,False,42160,28022,0,0,1,8,0,13.407,2
ogre_controlmesh,102,multi,True,False,10540,19006,0,0,0,0,0,4.698,1
ogre_controlmesh,110,multi,True,False,42160,28160,0,0,0,0,0,13.425,2
ogre_controlmesh,112,multi,True,False,10540,17726,0,0,2,0,0,4.662,1
ogre_controlmesh,120,multi,True,False,10540,17250,0,0,0,4,0,4.115,1
ogre_controlmesh,121,multi,True,False,42160,30600,0,0,2,0,0,15.334,2
ogre_controlmesh,122,multi,True,False,42160,30158,0,1,0,4,0,15.47,2
ogre_controlmesh,200,multi,True,False,10540,17904,0,0,4,4,0,3.175,1
ogre_controlmesh,201,multi,True,False,10540,18042,0,0,4,10,2,3.666,1
ogre_controlmesh,202,multi,True,False,42160,29426,0,0,4,0,0,15.349,2
ogre_controlmesh,210,multi,True,False,42160,31238,0,0,3,4,0,11.082,2
ogre_controlmesh,211,multi,True,False,10540,17858,0,0,2,10,0,3.301,1
ogre_controlmesh,212,multi,True,False,10540,17804,0,0,2,6,0,3.621,1
ogre_controlmesh,220,multi,True,False,10540,17434,0,0,6,2,0,3.742,1
ogre_controlmesh,221,multi,True,False,42160,29944,0,0,0,6,0,12.478,2
ogre_controlmesh,222,multi,True,False,10540,16536,7,0,3,6,0,4.071,1
car,000,multi,True,True,50400,49737,0,0,0,4,0,13.626,2
car,001,multi,True,True,12600,29191,1,0,1,4,1,4.732,1
car,002,multi,True,True,12600,27782,0,0,2,21,1,5.156,1
car,010,multi,True,True,12600,28176,0,0,1,12,0,5.239,1
car,011,multi,True,True,50400,43592,0,0,1,4,0,16.766,2
car,012,multi,True,True,12600,26224,1,0,2,4,1,5.377,1
car,020,multi,True,True,12600,28779,0,0,3,8,0,4.698,1
car,021,multi,True,True,12600,28138,1,0,1,2,0,4.531,1
car,022,multi,True,True,12600,27862,0,0,2,10,0,4.388,1
car,100,multi,True,True,12600,26552,2,0,2,8,2,4.168,1
car,101,multi,True,True,12600,29422,0,0,6,10,0,4.089,1
car,102,multi,True,True,50400,46405,0,0,0,6,2,13.678,2
car,110,multi,True,True,50400,41420,0,0,0,12,1,16.487,2
car,112,multi,True,True,50400,40232,0,0,3,14,0,14.269,2
car,120,multi,True,True,50400,45744,0,0,2,4,0,12.414,2
car,121,multi,True,True,50400,48408,0,0,0,8,0,12.369,2
car,122,multi,True,True,12600,26024,0,0,0,4,0,3.978,1
car,200,multi,True,True,201600,78246,0,0,0,0,0,35.06,3
car,201,multi,True,True,50400,52609,0,0,3,0,0,13.884,2
car,202,multi,True,True,12600,27900,0,0,3,20,1,4.711,1
car,210,multi,True,True,12600,27774,0,0,1,12,0,5.337,1
car,211,multi,True,True,50400,43620,0,0,0,4,0,16.394,2
car,212,multi,True,True,12600,27180,0,0,3,4,1,5.241,1
car,220,multi,True,True,50400,47602,0,0,1,8,0,14.463,2
car,221,multi,True,True,12600,28597,1,0,0,2,1,4.549,1
car,222,multi,True,True,12600,28204,0,0,2,10,0,4.467,1
killeroo_small,000,multi,True,False,30096,33510,0,0,6,12,1,21.357,1
killeroo_small,001,multi,True,False,30096,32792,0,0,6,8,1,15.813,1
killeroo_small,002,multi,True,False,120384,54374,0,0,4,8,0,51.466,2
killeroo_small,010,multi,True,False,120384,51442,0,0,2,8,1,44.44,2
killeroo_small,011,multi,True,False,30096,30638,0,0,4,20,1,8.843,1
killeroo_small,012,multi,True,False,120384,51482,14,0,3,10,0,44.493,2
killeroo_small,020,multi,True,False,30096,30836,0,0,10,16,1,15.34,1
killeroo_small,021,multi,True,False,30096,28522,13,0,10,14,3,13.138,1
killeroo_small,022,multi,True,False,30096,34138,0,0,3,10,2,14.033,1
killeroo_small,100,multi,True,False,30096,35074,0,0,11,12,1,12.488,1
killeroo_small,101,multi,True,False,120384,54442,1,0,6,12,0,74.754,2
killeroo_small,102,multi,True,False,120384,59602,0,0,5,14,0,62.895,2
killeroo_small,110,multi,True,False,30096,37080,1,0,13,16,2,15.918,1
killeroo_small,112,multi,True,False,30096,37294,0,0,10,26,1,14.598,1
killeroo_small,120,multi,True,False,30096,31418,29,0,9,12,2,17.962,1
killeroo_small,121,multi,True,False,30096,33010,0,0,3,28,0,12.813,1
killeroo_small,122,multi,True,False,30096,36080,0,0,9,19,1,13.912,1
killeroo_small,200,multi,True,False,120384,58378,0,0,4,12,0,97.61,2
killeroo_small,201,multi,True,False,120384,54058,0,0,0,2,1,69.26,2
killeroo_small,202,multi,True,False,30096,33698,0,0,5,10,0,17.175,1
killeroo_small,210,multi,True,False,30096,30828,1,0,7,8,0,14.616,1
killeroo_small,211,multi,True,False,120384,51150,0,0,4,4,0,29.038,2
killeroo_small,212,multi,True,False,120384,55476,0,0,6,6,1,41.967,2
killeroo_small,220,multi,True,False,120384,52100,1,0,8,18,1,81.375,2
killeroo_small,221,multi,True,False,120384,51968,1,0,6,8,0,62.217,2
killeroo_small,222,multi,True,False,30096,33448,0,0,9,6,0,13.215,1
AngelaFace,000,multi,True,True,39576,39543,0,0,4,0,0,8.013,1
AngelaFace,001,multi,True,True,158304,60469,0,0,1,5,0,27.011,2
AngelaFace,002,multi,True,True,39576,38646,0,0,3,3,0,7.676,1
AngelaFace,010,multi,True,True,633216,94968,0,1,4,20,2,94.398,3
AngelaFace,011,multi,True,True,158304,60468,1,0,4,9,0,23.751,2
AngelaFace,012,multi,True,True,633216,93066,0,1,1,8,0,101.437,3
AngelaFace,020,multi,True,True,39576,40773,0,0,3,8,0,6.973,1
AngelaFace,021,multi,True,True,39576,42871,0,0,3,4,0,8.728,1
AngelaFace,022,multi,True,True,39576,44672,0,0,5,2,0,8.772,1
AngelaFace,100,multi,True,True,39576,37538,0,0,0,4,0,6.674,1
AngelaFace,101,multi,True,True,39576,37986,0,0,7,18,0,12.475,1
AngelaFace,102,multi,True,True,158304,56036,0,0,1,8,0,22.322,2
AngelaFace,110,multi,True,True,158304,64326,0,0,3,10,0,25.845,2
AngelaFace,112,multi,True,True,158304,58684,2,1,2,24,0,20.2,2
AngelaFace,120,multi,True,True,158304,60254,0,0,0,6,0,25.778,2
AngelaFace,121,multi,True,True,633216,99446,0,0,0,0,0,312.145,3
AngelaFace,122,multi,True,True,39576,43031,0,0,1,2,0,7.108,1
AngelaFace,200,multi,True,True,39576,40343,0,0,6,2,0,8.021,1
AngelaFace,201,multi,True,True,158304,59465,0,0,1,3,0,28.816,2
AngelaFace,202,multi,True,True,39576,39056,0,0,3,0,0,8.073,1
AngelaFace,210,multi,True,True,2532864,143157,0,1,1,19,0,394.191,4
AngelaFace,211,multi,True,True,633216,96056,0,0,2,10,0,85.267,3
AngelaFace,212,multi,True,True,633216,93510,0,2,4,8,1,95.353,3
AngelaFace,220,multi,True,True,39576,41495,0,0,3,6,0,6.791,1
AngelaFace,221,multi,True,True,39576,42909,0,0,1,4,0,9.139,1
AngelaFace,222,multi,True,True,39576,44100,0,0,3,4,0,8.317,1
